Serum Name,Prototype_WT_A/NETHERLAND/179/93,A/WELLINGTON/1/94,A/BRISBANE/22/94,A/JOHANNESBURG/33/94,A/SHANGDONG/9/93,A/WELLINGTON/25/93,A/WELLINGTON/96/93,A/VICTORIA/9/94,A/BRISBANE/22/96,A/WUHAN/359/95,A/WELLINGTON/48/96,A/AUCKLAND/5/96,A/VICTORIA/47/97,A/CANBERRA/1/96,A/PERTH/5/97,A/PERTH/9/97,A/BANGKOK/1/97,A/CHRISTCHURCH/1/96,A/TASMANIA/1/97,A/NANCHANG/933/95,Prototype_WT_A/NETHERLANDS/301/99,A/CANBERRA/9/97,A/SYDNEY/5/97,A/PANAMA/2007/99,A/SOUTH_AUSTRALIA/84/2002,A/FUJIAN/140/2000,A/SOUTH_AUSTRALIA/53/2001,A/VICTORIA/507/98,A/SYDNEY/228/2000,A/TOWNSVILLE/2/99,A/CHRISTCHURCH/68/99,A/VICTORIA/577/99,Prototype_WT_A/NETHERLANDS/213/03,A/PHILIPPINES/427/2002_MDCK,A/WYOMING/3/2003,A/AUCKLAND/20/2003,A/FUJIAN/411/2002,A/PHILIPPINES/472/2002_EGG,A/TOWNSVILLE/36/2003,A/VICTORIA/110/2004,A/BRISBANE/342/2003,A/TOWNSVILLE/4/2002,A/NEWCALEDONIA/12/2004,A/FUKUOKA/55/2002,A/CALIFORNIA/7/2004,A/SINGAPORE/37/2004,A/VICTORIA/523/2004,A/BRISBANE/3/2005,A/NEW_YORK/55/2004,A/BRISBANE/10/2007,A/WISCONSIN/67/2005,A/VICTORIA/500/2009,A/PERTH/27/2007,A/URUGUAY/716/2007,A/VICTORIA/208/2009,A/VICTORIA/8/2010,A/PERTH/16/2009,A/VICTORIA/361/2011,A/BRISBANE/5/2002,A/WELLINGTON/1/2004,A/BEIJING/32/92,A/VICTORIA/1/93,Prototype_RG145K_A/NETHERLANDS/178/95,VN015_EL134_2008,VN016_EL135_2008,VN017_EL140_2008,HN196_2009,HN201_2009,VN018_EL204_2009,HN206_2009,VN019_EL442_2010,VN020_EL443_2010,VN021_EL444_2010,VN053_2010
A/WELLINGTON/25/93,2.8600796037570673,3.045477243677914,3.0442447977402196,2.2406785962102806,2.9201575188246434,2.8642806662827187,1.803136301429503,2.8367978092306076,2.1625735760963853,1.8560169950342256,2.2124021126043827,1.5394796059774807,1.9100074472384279,2.110213306049816,2.188243232381331,2.1873615220306837,1.597821459436377,1.807971126797396,0.7944707330027039,1.977257393372045,0.7279886899829519,0.7040939523276037,0.6982354897242719,0.6833921620294933,0.7019417239636326,0.6864055474602141,0.6928138161003468,0.7025005030072523,0.6965470138926654,0.7089315261938298,0.7216428358249853,0.6797115426254675,0.6973030839959713,0.7246790646219267,0.6963189389109865,0.7334970433119954,0.7022987341961394,0.6748726673695777,0.6898586040206932,0.6974707931952855,0.682614072730784,0.7123394444664093,0.7202889092796745,0.6851145807349249,0.7046262329221017,0.6921290800012838,0.6819195313411779,0.6883930690254061,0.714725963670611,0.7048904717947322,0.690857098432839,0.6921792648074737,0.6929869256873096,0.7103680583879952,0.6977485689223892,0.6849060354124237,0.6949764992628674,0.6773673975179141,0.7079905820489862,0.6911239723055017,2.6718266026362687,2.2094182318532107,2.06859897149924,0.6977338105504907,0.6935722805787332,0.7210991264617574,0.6974584457785569,0.6958182677204913,0.69330835405718,0.6939167720413928,0.6939064860666591,0.7053385517497619,0.6939197605640727,0.6694146977984835
A/WELLINGTON/96/93,3.2690743946931065,3.3585894583076468,3.4556386078331576,2.756703628430536,2.6791256440870113,3.283396060722712,2.500210234269409,3.3149672412213245,2.308017099712719,1.9560401011265394,2.116510497662558,1.4800261797441152,2.0168553032220045,2.0862853878255123,2.2357978180412057,2.4106309361432268,1.6382416950171006,1.8466700921171015,0.7700809772096757,2.169029416098095,0.689602602334836,0.742497417509002,0.723048640893079,0.6963413367011158,0.7123362602711049,0.6836712146844435,0.7116656044135418,0.7422999357820904,0.6962548691982493,0.6652393867124692,0.6954636403299773,0.6807724225121939,0.7014986116779799,0.6638802126980623,0.7185953299054875,0.767441636537765,0.6717537859663358,0.658346112444578,0.7216429408171442,0.7213088684879534,0.6855719943583861,0.6918406910155557,0.7001600653120487,0.7157133558889767,0.6955733192279694,0.7074592066028083,0.7021547534475595,0.7161783033313506,0.6751669406128742,0.6851725864272464,0.6803265350654125,0.6926726762815775,0.7462285407253545,0.66739994976987,0.6998687615276363,0.7000227318449475,0.7065620697250089,0.678234592166393,0.6838383176073778,0.6823904065716089,2.241816593256344,1.6728018028333222,2.347700122616944,0.6910914784002521,0.6809726807662719,0.7086000811735707,0.6847168130615723,0.6907884883734592,0.6764170374427161,0.731341975789005,0.6789375551864237,0.7076998811081726,0.6544577660748737,0.6348078812372459
A/VICTORIA/9/94,3.2803949248939523,3.327971919345087,3.586699346646965,2.767203545892797,2.5318249453453645,3.304949404642315,2.44909018037986,3.3069212416528835,2.473945881708418,1.893326731404791,2.233979983865659,1.613410373522849,2.129715873461161,2.1077924779902433,2.454987965602183,2.46732316310651,1.5953846644232663,1.9077231166801156,0.7526058165711196,2.1530491485394365,0.6949339923115414,0.6873069667619905,0.6898748156609299,0.7306005041450353,0.6873639861152827,0.7149743342708061,0.7049999275013038,0.6860263485047594,0.7241071557457726,0.7142228639244578,0.6912409802360324,0.7172504485769211,0.6954526506982925,0.68905393084451,0.7113008492230438,0.7060523114150274,0.6890312257605604,0.7027734865093,0.6901848519575535,0.6998140300853635,0.7161447496853741,0.6982435241820256,0.6791309886790745,0.7120577995773896,0.6940099685151145,0.7100525729739544,0.6955890815513535,0.6887435717111209,0.6973141359845055,0.7067617958516949,0.7036036996354725,0.7091530204756865,0.6861473985380792,0.6898092785236303,0.6980745002658711,0.7056604056721917,0.6967268434861523,0.7130348116305616,0.7029485282779893,0.6963616286975978,2.173020431915172,1.8387275948222008,1.046004747722195,0.6826042579407496,0.657529019184243,0.6679364421796343,0.6821215560672257,0.6985151677238907,0.6913448184378881,0.6954858539122486,0.7035731868917106,0.7080127624167167,0.6981819899983708,0.7009407298931564
A/JOHANNESBURG/33/94,3.0796599420678876,2.863930256961394,3.085740278553174,2.4057896337628115,1.9432815961365417,3.0239967600805384,2.6061625979800715,3.031429033971066,2.3538335050920556,1.8997121628982327,1.5969823923037811,1.3897468705786418,0.8166243583285306,0.8222316342620861,2.1567010097673256,2.409179786576601,1.8161820336357666,1.6068645177841885,0.778517950692731,2.1849792211467873,0.697554807709818,0.7038176035198971,0.72905991504887,0.6744220766032232,0.747456674771957,0.70732936911626,0.7183291827424375,0.7086353831576491,0.6880458978969077,0.7029228750629966,0.7061526187787576,0.7238107571149838,0.6783854042049078,0.6866812632844963,0.7386400759964651,1.2236869758270277,0.7129592360468014,0.7162637062755731,0.704438963620735,0.6814416336316387,0.6838352871026901,0.6876550879507535,0.7017140904397676,0.706181878544152,0.6734375578339037,0.7202769062499432,0.9665457478045502,0.7580674272628065,0.6875662180065132,0.7080122939088918,0.6867142978843526,0.6816353073116592,0.6752577660454324,0.7398295269456989,0.7168130406932021,0.7062291722828901,0.7086602650088717,0.7109901408287984,0.7296862430799231,0.6939633059328237,1.636607772400066,0.6860332427009288,2.398503048672311,0.7831367791749533,0.7745836913709432,0.6964820510412486,0.7543573324768824,0.7096521087302572,0.7091558349184718,0.7452924511611926,0.6600837905714487,0.6396804048716874,0.648105864576427,0.6546918958957094
A/SHANGDONG/9/93,2.746139529740504,2.80520101998603,3.0014773926310734,1.9531957622739635,2.3265997633003206,2.78521185371135,2.1851383757000677,2.76406650196998,2.186723307031446,1.5819733832230947,1.650941573872894,1.2970111888064122,0.7919954785962788,0.8373878024688161,2.0776707585789955,2.1323289579127995,1.7671759646773832,1.567091503837851,0.7310951522728805,1.9308422118364694,0.7432163434294841,0.724954121213276,0.7006124907538158,0.7338743838946079,0.6907683745851574,0.6787563865038027,0.6848896646466881,0.7282474798283507,0.7144525349344969,0.706276639209169,0.710988209652031,0.7178939447272367,0.6950999110417525,0.6954167375952285,0.6954183488353007,1.0024443294470657,0.6824326710891762,0.6612036351839709,0.6871292129070222,0.7020632327721719,0.7166251384397342,0.6992998121181899,0.7205107893518239,0.726260466540027,0.6895064451523477,0.6874982872140547,0.7433501989344324,0.7297588703400913,0.6734534720211064,0.6995670791125963,0.701679248913222,0.7122910636760552,0.7012918131823743,0.6906724745924626,0.6938899082213524,0.6903565494886427,0.7005552078110476,0.688381998857184,0.6765093640017061,0.6823786633928571,2.314169328327723,0.8714833353920574,1.9478509512463171,0.790972969747604,0.7517571864081233,0.7283166710727345,0.749983346257858,0.7094350949930964,0.6962702341199315,0.7013342888397337,0.6715853073557523,0.6657998978560731,0.6777360933043464,0.6700355329044241
A/WELLINGTON/1/94_repeat,3.00215820252332,3.028734186701594,3.2414294080991635,2.619196707899426,2.2276253639319337,3.0914290925175036,2.3950982477665965,3.0621392469625714,2.1562420789458834,1.8792624229805721,1.8595765462555907,1.5056143215043019,1.85784847607155,1.828694722729523,2.1339917654959626,2.2522602496594226,1.4046980408042815,1.6564574787796498,0.9841407302061773,1.9693157281675537,0.6759019710458588,0.7118757104726384,0.7134425936569135,0.6868122849789278,0.6766416874029703,0.7233343294000897,0.6896323635528285,0.7177029501169894,0.6737753515270924,0.6775313524755064,0.7026785972022731,0.6630292893487595,0.7879619337151349,0.7386718816547768,0.6891222544473112,0.7254539389017147,0.7080180236623647,0.7060516082589879,0.7019595474094213,0.7066206076390336,0.6990671966677282,0.6906695719061166,0.6982777304863069,0.65055817699332,0.6922656676043386,0.6573532236932222,0.7352013558984796,0.7177960831244559,0.6988379259462503,0.6890796706298246,0.7070982108586221,0.7086172613556875,0.6996818868043565,0.6792969193818016,0.6943082887033653,0.6904529373932391,0.6811467653357626,0.6809981504961569,0.6918048244942762,0.6951123598743337,1.6977225307247508,1.5483189563492372,1.7326906163713356,0.6820560262727453,0.6667664045156433,0.7008395554506004,0.6825020841097273,0.6938293330563469,0.6799689304877229,0.6951844364990503,0.6948850941363196,0.7124853739929072,0.6946885650651339,0.6882153859415499
A/WELLINGTON/1/94,3.0196211339597068,2.897799332025103,3.0647152339821546,2.455266026575387,1.9632814215435253,3.063033964914033,2.4670880782687323,3.0417068620489216,2.194688762943774,1.8908015169788635,1.5771714530775975,1.46990558518544,0.799656868305572,0.8533317037956664,1.9582361339898635,2.191764138553124,1.6855499490552543,1.5055805316799886,0.9469434081065004,2.1001946086146632,0.6898350878275262,0.715079761658049,0.7343418597559371,0.6591695518329097,0.7035579774268238,0.7141828535508329,0.6811858456539338,0.741316133712639,0.6688636879784983,0.6750121350472068,0.7212085440979503,0.6896192248850795,0.7240442533438186,0.7221283088399092,0.656212010151436,1.0110188746401212,0.7073431313305647,0.7198286069099072,0.7236228693522877,0.7054056247788218,0.691763285883497,0.7175608972350515,0.6879780628881149,0.6548723151940582,0.7467720027654784,0.6914372602285707,0.979268897246552,0.8827080392257121,0.744774058017491,0.6996379761235632,0.6977429220662257,0.6967367773529572,0.6994235170125511,0.708936470831219,0.6862196457434102,0.7071949516969174,0.7099229895438376,0.6975391687018284,0.7147570061648185,0.7012708848349448,1.665576396806422,0.7746081941987212,2.3982673297111363,0.7490817614866125,0.707844635350587,0.6783569781929777,0.7089610486602667,0.6920070708244552,0.6757261042819008,0.7177550502695554,0.6518582139607028,0.6528470585995234,0.6367613504411819,0.6378888614191889
A/NANCHANG/933/95,0.7148452117730972,0.7491914778780916,0.8049602727771122,0.7168133007344915,0.6846911544252328,0.7260948970701268,0.7607163717357924,0.7674254937141688,2.6840729781064203,2.165294991338699,2.585450464382431,2.3369459276497846,2.7565566925304927,2.4730358525492497,2.4750355698362223,2.7288218104572155,2.422206350412254,2.5918017668578552,1.9646000729150828,2.44286846343399,0.646189860143385,0.7829663371444838,0.75173737010257,0.6749325857927291,0.7928657717510421,0.7059124216821462,0.9066492322344475,0.8297507484284118,0.6835990619994574,0.6663883004603546,0.7228990103892796,0.7150153084121811,0.335243636005495,0.5454035627667488,0.758785571317871,1.1701827982929274,0.7337705929873273,0.3983451931604935,0.9480338931261121,0.8160379420667346,0.5078779824945509,0.5233802911610204,0.3871097508568549,0.46297237262124696,0.585760845180888,0.581295869909092,0.7529587845813638,0.4709612305108033,0.48187829185000397,0.7293921375827479,0.46751699270647673,0.6507684276059672,0.7150707715511682,0.5138390673594793,0.5950482906424949,0.7441912231294256,0.7313577563788007,0.6570727706907311,0.7087429854475898,0.3450990856149642,0.7540559272817831,0.7081192999176967,0.8087201966310209,0.6549770627310071,0.5724459894857515,0.5757957613959623,0.6112038612965524,0.728910362726555,0.7249035400939228,0.8424592098382385,0.6462890157957617,0.6744073582714007,0.5912878391310258,0.5809279122484744
A/TASMANIA/1/97,0.7275923100348868,1.0309679180803928,1.3056990454070034,0.7121844960170268,0.7168190578959248,1.0573335977798795,0.7316647433575088,1.0229823940310356,2.7614397107482365,2.15826752844925,2.5221116805424475,1.6755742145365495,2.990923721067505,1.6821960053168894,3.206223666774571,3.5138358046750717,1.9555454731470547,2.5093433666406604,3.2117787343262663,2.4567047547993446,0.7977917538951395,1.623811213706782,1.1092261354352382,0.7325794076313973,2.4251510009383606,0.7475422597274708,1.8584344177347654,1.899873741659944,1.5496344144184508,1.2664371052124699,1.5733538056689205,0.7398090812008549,0.7529952960158827,1.2387781880838569,1.2789258735529776,2.153787340154884,1.5524035595431074,0.7548483970383248,1.6361805521042119,1.5834367918288774,1.3118141038300384,1.264480831511179,1.257149986482206,0.7226080887633947,0.7173065325278599,0.7094259403306081,0.7309585585441881,0.7241825449192193,0.6922398371659552,0.6880256837651535,0.6971221738490965,0.7057074606401794,0.6948897462013666,0.6909849011418358,0.6961642097556422,0.7194795883845179,0.7451911099709208,0.702179926780083,1.2721020448052764,0.6951961315557103,0.754846475676358,1.1810501265164555,1.5795687627654393,0.9066152840709457,0.7801696541783506,0.7185694367743269,0.734182249102046,0.8490315014005555,0.8413014161245063,1.0395343278624474,0.7744661931148086,0.7507846903169723,0.6832384729617836,0.6412984698212338
A/CANBERRA/1/96,2.484262942055548,2.478050129792611,2.74263576498629,1.9521023236302608,2.0956274393509746,2.479391420995796,1.8843597509172874,2.521107762472902,3.357967500845119,3.0641332114828788,2.5702607311457393,2.725450767142288,2.7815848183410723,2.952872537864757,3.369418189169524,3.673218696402487,3.0241348998591375,2.5201555611510496,3.1642058118006484,3.362246494565363,1.4317628188825133,1.849516539768953,1.873971110782525,0.9646975789896901,0.8145432529641705,0.726446170488148,0.7898897811446516,1.5433533500013472,1.000737213577299,0.7133284216140688,1.5196431282462337,1.264979548566751,1.2327459132941696,0.9622421301692625,1.2800648855688816,1.87263918073391,0.7429993220100896,0.7841245508385319,0.761274224156478,0.7683347623839653,0.6944427462615642,0.7205522109987023,0.6737848493299018,0.6741675161634959,0.7027471128023314,0.7358267078034145,1.2618168771518903,0.6770888133463397,0.6932047699142885,0.7094763665505054,0.7089611157554105,0.6779680257533964,0.7162220725495608,0.6912819087797011,0.7064648512911158,0.7253085042500235,0.6875725111289231,0.7201582844982577,1.006391015668416,0.7274565002889403,1.8768493434550702,0.7816025900111323,2.742099691656858,0.6916777131453482,0.7655098494820793,0.5950845127543279,0.7378727930215601,0.6181643225513254,0.6823875005082473,0.6630771403049657,0.6560188390985282,0.619142122556648,0.5957718450356986,0.6707231876988077
A/WUHAN/359/95,1.8841516118119053,1.9133901244341103,2.181292837864181,1.3828427050397818,0.808547894935688,2.3843848566241013,1.628370943051289,2.163412432310485,3.3574806979844403,3.0008566683001705,2.7741394665715338,2.705217891257917,2.7765492469482185,2.458542373349227,3.3363148190594294,3.6635777758105057,2.747719222185393,2.81114387616557,2.7554104472171503,3.0749964660176463,1.0518453086089794,2.1614740051646066,2.3563097640417348,0.7743425327071464,2.136031214922875,1.7238850470285403,1.5749036616916339,1.8590862700013226,0.8170061836439593,0.7821161677405937,1.335357745399255,0.7558362032488644,1.2899124070230044,1.0207997529795836,1.3203210436085175,1.9309577301020404,1.2750410589913361,1.7554688655346604,1.5205439703642791,1.2970311686197624,0.7386776053079347,0.7497806788095042,0.7710356880685254,0.7709494581654567,0.6927864183599903,0.7349391058908182,1.2470821537694854,0.7052198698899106,0.7021799521655894,0.7112874683837556,0.7176790967728413,0.7009151785035863,0.7033854513354352,0.6906327603107819,0.6939432439418081,0.6690241600732233,0.6855098625315816,0.6751778418715801,1.2680520094089296,0.716692121530661,0.7918880984876643,0.6781233333433955,2.701774557952006,0.7876684725402525,0.7623446446338692,0.7832072112234348,0.778696551176029,0.675795199043993,0.7077680227470635,0.5950416658456653,0.7253573231131002,0.6856529598275267,0.7505239478343184,0.6686807909174105
A/BANGKOK/1/97,1.974657018324681,2.1635411268871567,2.4269002328269997,1.5920009938794801,1.6296171684345357,2.1821026916346002,1.5896858841863444,2.1743203791382553,3.083693980528508,2.734702807067582,2.992494166634452,2.1831459208287582,2.9630327967326724,2.447858737015143,2.900172708328696,3.209365476275429,2.7073127054111796,3.0391342759091833,2.207756770959581,3.0271870156829004,0.8335676018132641,1.8440138358356837,1.5879482699232468,0.7098006236378392,2.4157090333234237,0.7701081185399782,1.8547943760725558,2.092974563322779,1.5656637338219421,1.3026322249853275,1.5993757832664097,0.7348299475071074,0.7714731978292153,1.301716167646826,1.3048217319824773,2.3738771389643127,1.3315220075729435,0.8015807563958638,1.8594746278196252,1.79539945485276,1.5937906961260686,1.529485487917431,1.5622278037201107,0.7319134718102099,0.688360571635613,0.6664798861116302,0.756597926536906,0.7131856199632005,0.7014651273703016,0.6791809770011222,0.7086631542435239,0.7202054729530958,0.6586862695242951,0.7449080357121363,0.7015582239073103,0.6994583351476119,0.7072332327315455,0.7276405773582051,1.3149972307654951,0.7272416393080815,1.779037609497732,0.800806483587008,2.4351039463803508,0.8584434520003492,0.759661010568745,0.7578494967423378,0.7418878244755822,0.846624046723029,0.8847732441300864,1.0108368930978446,0.8977575642916197,0.8666584091973095,0.814640483994719,0.7869789530516781
A/SYDNEY/5/97,1.1787654173230502,0.7062615192931724,0.6774842019639806,0.7861328576679399,0.7001431553989198,0.7048889478046759,0.7368397945731331,0.7645350286450671,1.555656124295612,1.2550343500690546,1.6139236057603261,0.753307947341482,0.7480011783047804,0.6891274236575329,1.57244804551125,1.9349626054997473,1.5185546576489466,1.897940249164113,0.8466473075795846,1.5497493679757337,2.687478708412593,3.0437536178075066,3.0331130907457666,1.387322320112828,3.28242075429838,0.8203625734075092,2.774979155999673,2.5074552949817095,2.4859729326955007,2.152774471867191,2.4505562257762126,2.120580826848484,2.2650517276242716,1.9158024623301446,2.421966546348102,2.732228114472919,2.462205888502482,2.7819863180344893,2.50798487941863,2.2348044684159825,2.221522508552614,2.1740120408678756,2.393592681726366,2.096862303244575,0.764149898344694,1.3080332561808632,1.2882558068083845,0.7372662027249789,0.7705594487378474,0.7286868248610288,1.08505799508609,0.6883759670252542,0.6829814858689918,1.1867386662295676,0.7015440122218232,0.7274362274797649,0.7120410268644718,0.7394956049278067,2.127386811623206,1.6457041118327198,0.7918758600405686,0.6607161616704019,1.2515417831028315,1.038102983877249,0.9718641490254789,0.9176987295009629,0.9443984043618625,0.732840052468865,0.7941640228194331,0.7383755373347884,0.7891466937522459,0.716840666661725,0.7882528980670414,0.7914585531342636
A/PANAMA/2007/99,0.7185073818526332,0.6910223177073327,0.7059396698531131,0.6634920328674226,0.7030791213681378,0.7061600575682162,0.716500219941074,0.6902765560086689,1.3190026302344706,0.9809234951361371,1.3255375505558293,0.7060134524757573,1.2432403460170185,0.7325627764699081,1.5706451490656352,1.8822141170429965,1.035874868231221,1.8776168245238654,1.0326580093138016,1.0280991002052842,2.7410119594209386,3.0673646712922595,3.2788827712939255,2.27067844898811,3.1076661051476244,2.262792129529761,3.005836553817166,2.5290721536778755,2.4895046080600145,2.166817828957334,2.4960957510736366,1.8963838164569373,2.189854864757054,2.1489308789562567,2.408346313937461,2.7080286205132356,2.449474605109032,2.8094009604063523,2.2600429567251665,1.9467056843117545,2.1986926728957514,2.160558377054474,2.3973806308196304,2.179718239291448,0.7023585562819326,1.2556392800457463,0.8254857390345491,0.7436168543290245,0.714043327642919,0.7752052661042301,1.0212018241359702,0.6871206034196988,0.6504286186800533,0.7382249634520226,0.6969958229481312,0.687269528861486,0.6670594536842359,0.7538101016826542,2.1942798412379414,1.8478432492137786,0.6713082651547024,0.7064899424995179,0.7119414580026898,0.7458012891099318,0.7166542461047632,0.7047301378903182,0.7210996965237958,0.6969308905393824,0.6991249659368097,0.6900989664135182,0.6914760889212803,0.6852941493892425,0.6917159472941278,0.7050881273508829
A/VICTORIA/507/98,0.7133014821915187,0.7133963205257045,0.7445868892360732,0.6238388292560078,0.7119461514830021,0.7540146884483132,0.6858601263599338,0.6881356931207201,2.147918241796295,0.8196089674238916,2.1732023789863875,0.7654036450159403,2.391140285910463,0.7592182984010831,2.181511288391673,2.7328968402531166,1.841763671842524,2.455108812803805,2.145965596344323,1.5989938684873535,2.732572142082501,3.2826136922942766,3.0416294247315423,1.5759620109226504,3.0441559045010465,0.7590242835588183,2.465395655257194,2.436373728553707,2.1437467753132133,1.6260421386770183,1.917724663819349,2.3972104825227922,2.440808194337362,0.8419939467989015,2.7127910276516647,2.523232809221124,1.9351687388625258,2.728983445535485,2.140675165876224,1.863794974365729,1.5806460253729449,0.8276338877579741,0.8629169968171613,2.1089756865693423,0.7311054027747949,1.8377338830482888,1.5700064777729186,0.6964301267920298,0.7509176609347263,0.6921611714390812,1.2703113666695014,0.6867872676757951,0.6810814714901704,0.7687128989380687,0.6872108037610338,0.6834580501210679,0.6959342364128267,0.6661765893335659,1.6197304756936068,1.5804286021740133,0.6600460379477568,0.710015405578841,0.7334645177012097,0.7332021746096183,0.7319103507791377,0.726010181750298,0.7302447057976799,0.6840618402469044,0.6870082822667188,0.6644448475836104,0.6828345842302045,0.6708704347176011,0.695332272926736,0.6893392402245143
A/VICTORIA/577/99,0.986917801338461,0.7135558577454196,0.7060419409007276,0.708435338126875,0.6787802969530795,0.6786784585149492,0.6696143760396717,0.6886800279196371,1.070826858545976,0.9640692365044183,1.2760802108645546,0.8962157314726789,0.7464718233004918,0.6981113845631001,1.3185370119720354,1.5862834426003831,0.7958640177095619,1.602170260077205,1.0009850848650974,1.020343561480364,2.7331291148051697,2.8063665660268704,2.7798700074763354,1.332328087266272,3.0871605364206816,0.8289467140633939,2.7423318575787583,2.4714442106640337,2.445531736017319,2.1425961437182757,2.451184242787298,1.8163710142110103,2.631400609180709,2.0739665161402177,2.2520651842503074,2.6982652676451027,2.4602787891139015,2.6963183235732906,2.4439416418837374,2.1346152444422155,2.1892210484179966,2.1465685269412678,2.2221168386971173,1.7742961482528434,0.7465228069523558,1.0428431188096148,1.0059536208710553,0.7628308509370483,0.7269762513679546,0.6705896088587049,0.9668419238483219,0.7061273481266227,0.7042233195740288,0.7841221120400973,0.687493613913764,0.6809918981274216,0.7089436491020418,0.6715242483733709,2.1436936521330923,1.795626965984792,0.7040959659767128,0.6998423406189792,1.005695538668845,0.7646959501800602,0.7680687530849142,0.7550026557859888,0.7448941037942706,0.694447601426188,0.7065938545883701,0.7309765887051937,0.6953127340678805,0.6882843121135706,0.6754970638834403,0.68162712281151
A/WYOMING/3/2003,0.7454764259229797,0.7035343928809143,0.7141312829471798,0.6500696018574735,0.6970448300585002,0.72305582105992,0.6674631050433647,0.6828512591395532,1.2810685269601463,0.9888056552121991,1.5097030653707275,0.7306349621294876,0.7675230575424636,0.6934523601540031,1.3188955181755597,1.6065529107466432,1.009562162428457,1.836203986295713,1.254848105769339,1.0195294850536836,2.194086630465019,2.7678363101848444,2.533758061328723,1.300640719869766,3.032660113391212,1.3002115533718483,2.7870778479363683,2.363759938479924,2.4729038035040496,2.1316489386634285,2.493199126654193,1.3317813765299842,3.6768505429904152,2.430285389366011,3.6459431801822784,3.239265026624357,3.3264445007505974,3.0170917940215234,2.8303685189473127,2.881585242956513,2.506871122745058,2.6644576396704953,2.811847326425079,2.7533840812533437,3.3004221079649954,2.839606009253467,3.3119635107054655,2.760974749162791,3.315549289719598,1.888726117638277,2.83399255042824,1.7259500954544063,1.8080230094772944,2.816726683229605,1.0424420008600794,1.2437097174383114,0.6393665392109494,1.6161864724013806,2.7005447355948826,2.842534225335291,0.6686160080867456,0.7267947521243684,0.7360525097937527,2.7908520729015964,2.476229433303518,2.467517150754524,2.4432290420813056,0.7304378614874009,0.6871170813816275,0.7276123926420447,0.712984457536729,0.7382042890968352,0.7269529034902733,0.7614819224534215
A/WELLINGTON/1/2004,0.757410557074703,0.6903116600416698,0.6958889978735217,0.7210690842566627,0.6988535311814582,0.6958976676189014,0.6666963487167281,0.7007876803637919,1.5941857763414493,1.25519841472611,1.5689369016955466,0.7375345650963359,0.7642462602524887,0.7021104377052987,1.6018290647907825,1.8814628675096028,1.547539306706436,1.9227857117084355,1.5566652272156922,1.522395450893916,2.5124989029739955,2.804672672917385,2.742531659003541,1.777658144066125,3.0816486184495226,1.5359431510090507,2.79427392417753,2.479747410398253,2.468564527829209,2.152088676588397,2.4642727121423014,1.9828818185566952,2.8720040249024033,2.185811347544213,3.2180498119560097,3.1502699623439345,3.0522452956155606,2.7962566803013162,3.043642374481295,3.02298908859432,2.7131257024968685,2.461511077193378,3.056968058285529,2.788001922716801,2.7759967715434595,2.750530537706315,3.0455678077296318,2.189705930952492,2.7908885793792706,1.5242049662031676,2.7195433369870994,0.7925062322652127,0.8337509376628096,2.70590872362167,0.7382374159024668,0.9776624131594549,0.7048398061497855,1.5145215586627745,2.2392472393631815,2.7772075643307454,0.710870794079407,0.6861893213307892,0.7493290718941727,2.6842501018771414,2.1711074884164274,2.189823237532864,2.1574952281468374,0.7102751832493531,0.7283690846998641,0.7202195808199926,0.7317513829079718,0.7352577071950666,0.7239404760967296,0.6981053628124309
A/FUKUOKA/55/2002,0.6569086385318307,0.6993345309331714,0.7146047049751184,0.6855931704900003,0.6599302739728621,0.6973308655051205,0.7178655445694803,0.702540611097422,0.9621706002439744,0.7775193189853093,1.0603600284661057,0.662188524145214,0.7116948789214568,0.6611223589958377,1.02109650534569,1.31131948246423,0.7022364368970075,1.5640554517419845,0.7310774398793731,0.7315705619970704,1.8565090306284646,2.1913023676251577,1.9949275442392316,1.3341063378591025,2.7212149598855055,1.7329768305505309,2.4752704351784174,2.140177169138639,2.134924491782789,1.8678645399178886,2.1310794180581696,0.86286778811736,2.497537272624465,2.1459315838333186,2.5322295292289585,3.0046581951429436,2.5535163108588046,2.4859456712240644,2.44598709849118,2.4546097404250413,2.155677008546301,2.2150161864892555,2.493362150860119,2.3546691814236778,1.966495811452155,1.9510433866062655,2.149323658154358,1.8166831479493921,2.1796035429339384,1.4441005293678897,1.8834248615109361,0.7376021986511211,0.7886146605149961,1.6598940238099704,0.962939206145696,0.7999732089024763,0.781781690733295,1.2266118238178394,2.1323510222040865,2.187686966062678,0.7041820766578198,0.6972111089844533,0.7162007345317254,1.8457373284998044,1.781751185936049,1.6530320246377381,1.6387892886972268,0.8426200590743937,0.948851516200048,0.8823482435546828,0.8659809479573256,0.7662478553262013,0.8690955200606728,0.8108238867953874
A/VICTORIA/110/2004,0.6896807802131422,0.7053569525580403,0.7184801276230177,0.6653296371443429,0.6913508665021505,0.6982944185372647,0.717379685802626,0.6941698225990036,1.0290559128834382,0.7367071524766053,1.3044675643067296,0.6796351052269369,0.7320709703251755,0.6871226362575151,1.2825100298281407,1.5592376302784139,0.7432211832417528,1.8209728023752931,1.2723033717819532,0.7636449532815476,1.8681752946396482,2.4670907546647225,2.164489017134858,0.7586883077006008,3.001898732138442,0.7538544074869847,2.509437704175307,2.2276971834525208,2.218447969552389,1.871092384534467,2.170134304690819,0.8136855406456376,3.588312711336817,1.9776766629250089,3.6999954645859754,3.37108828691887,3.069932170930909,2.8199738884536907,3.295804707735628,3.361686642470783,2.9880369427336553,2.237416260823207,3.022810908485537,2.5265315556809895,3.5807281705301217,3.0995740048706333,3.439911446899757,2.731832711712975,3.6319526769879054,0.8810678041779455,3.0644224961410855,0.76118136609411,0.7746633181522532,3.017526549303454,0.723001745399147,0.7473859104957448,0.6423393086201425,1.0977794103533078,1.9994158441087868,3.0446643295203737,0.6923358353432398,0.7060064942649961,0.9796137661082424,2.7473871536963115,2.423833783011762,2.4337984507239083,2.1839799653836485,0.6980195388524708,0.687368286084927,0.6690719361138134,0.6959603358551018,0.70108117184336,0.7120057933602365,0.7236471699611463
A/NEW_YORK/55/2004,0.7149545848095735,0.7077881937727296,0.6825999481900697,0.7031434241642551,0.7099507673268575,0.6912425290779658,0.7107153524785734,0.6997885378515796,0.7140108753672769,0.6908052351030792,0.7301012180101504,0.6938241328585142,0.6516181376763267,0.7147952497440644,0.7219057823454464,1.2425256898154298,0.6893313897827439,0.7450585970006781,0.7164409677323718,0.707156483568601,1.525338305163558,1.8567888082325914,1.5918014027960412,0.7319422765210563,0.792428089437199,0.7418501705497602,1.5526493259599659,0.793884520227892,1.575951729668399,0.7867721397680492,1.8279197253984445,0.7305736619056107,3.0926694674648956,1.8655503602061758,3.1199524813144612,2.537895051915639,2.189119879812123,2.4593165848652006,1.8439279828753072,2.425943266625816,0.8750535066401539,1.8377702591171112,2.1470586725443326,2.4473836130198245,3.369668259859805,3.565688056232159,3.669870926985615,3.0189090677536297,3.6486078157034005,2.1293983067203754,3.076302057654084,0.8523634646566394,2.313079908686455,2.820284608210882,1.5260318388466185,1.270169531177162,0.6716884095062342,1.603905420804967,1.8942427449617623,2.751307618838384,0.6946881228086151,0.6943469935090483,0.9566008354072741,2.779965280394453,2.749367114423983,2.4800976006389766,2.4824145388937375,0.7283229464169538,0.7251602673685056,0.669539716108023,0.7312376485333301,0.7212914418081482,0.7662007372163177,0.7824538160455988
A/SINGAPORE/37/2004,0.9549024478968865,0.6970770305793365,0.6957998236183415,0.7251304308681957,0.705828707954947,0.6928382793737048,0.6922615415793216,0.7019010979191264,0.697821135146252,0.7004597561727731,0.7170387853747383,0.6826792542636709,0.671710591617991,0.6915150866050717,0.7103709224706259,0.7096681748471709,0.6930680236604738,0.7550384835307662,0.6987135090756702,0.7005940126447144,1.2939109918362377,0.819199726550732,0.7902535149663953,0.7216241691026003,0.8407474439215921,0.6990692444912245,1.5735628138643745,1.495947842333466,1.2948284590580192,0.8126026688753818,0.8035812599390757,0.708931691474421,2.2331408653868756,1.5591889909154506,3.4498185199295595,2.4673480512761676,1.9201634304270554,1.8414908680824578,2.13450662688273,2.405985506433925,2.0748572499520814,1.5671649806474597,2.1341445727504094,1.8865028657991578,2.526120152004213,2.736363521290058,3.027745904945492,1.6745545037726397,2.8100746519391953,0.815661419637391,2.4631750770071568,0.7147930954842827,0.7486400212731867,2.213696961946187,0.7172147747648205,0.9532020189792358,0.6782206792718155,1.2386736546520476,1.549663639393469,2.196851365750927,0.7106887244263212,0.6993500270084011,0.6998196338710458,2.1604892811442014,1.8919334934399625,1.910991985884626,1.8728863482033051,0.7056914538210749,0.7095222994674862,0.7011313969446813,0.7065467707526784,0.7121576188776481,0.721397188279159,0.7186223949927971
A/VICTORIA/523/2004,0.7117295015664546,0.6876516819499754,0.6736503800179399,0.7232068638687262,0.7156200340453922,0.6967325994930521,0.7142358857406425,0.7037428300690289,0.7043699930130738,0.6662721498567608,0.7011843720946134,0.7135100686827514,0.6543990111497451,0.6995663890871057,0.6816692866849053,0.7695019319599337,0.6930237412370625,0.7219771081865577,0.7198547450053487,0.6671557298263184,0.7480361637522881,0.7867410121934127,0.7376246691985234,0.6671100684335839,0.6770189746493839,0.7133616355221649,0.7512510563851356,0.7473121051377697,0.7693501521631484,0.6828264936279702,0.7546315742140609,0.6516616006603919,2.3471889889631954,1.0119021156782382,2.4694907952891976,2.342765989971083,1.7092986039153892,1.6039280643599385,0.8351564806446774,1.5410273429821002,0.7865773496647226,0.757868809925422,0.7940734787859526,1.7914476549220826,2.6966977081869845,2.7646847822226395,3.3080595360985936,2.178740170808002,3.026883069998818,1.2625880336853283,2.003631210094351,0.7452127485646641,0.7876888094716826,1.933071920987913,0.7643948726298522,0.7294522232360087,0.6552936839034464,1.0002651099659616,1.2691418504536223,1.8787488005261364,0.6879126677719801,0.7014498055688997,0.6855949192611142,1.6854862604495304,1.6529776268175231,1.4911571488844788,1.5454900534945342,0.605134944373968,0.5607483963273315,0.4403057624548081,0.5184212841059441,0.46324145313599907,0.6181434395469474,0.6911698994703029
A/BRISBANE/3/2005,0.6919795310609507,0.7076505999611691,0.7037890804418423,0.6991823485933369,0.6889384603558723,0.6984010491579018,0.698666624639927,0.7000123782540105,0.7054576508935044,0.69387701457391,0.6984054796064628,0.6980177728994461,0.7113350416916078,0.6951023891347057,0.695074339406946,0.6912532136601377,0.7060492476543713,0.6980607882535447,0.7227030919280365,0.7084113877571271,0.6961003291937451,0.6894648427067653,0.684116703457225,0.7012269161581867,0.681361750858123,0.6862911182001811,0.6855837756142622,0.6933174336528023,0.6915932580507479,0.6726365328948345,0.6857116782592678,0.6823998934050809,0.854672419425829,0.7087071405516119,1.8802995998752121,2.102665746435105,0.785234867451109,0.7419392303374122,0.7010552390088375,0.8066232691271845,0.7029873213614587,0.6982102542297121,0.7269401934691215,0.8054318848555182,2.4229160162366474,2.6666692508996244,3.2041884565137924,2.1034534564472986,2.944347138717457,0.7305012528690296,1.8368438472159498,0.6809154477372638,0.7127919119886006,1.8298379039576202,0.6977406265553574,0.7009294234292306,0.7084950352836703,0.7393508975027862,0.9770688750880656,1.8259855444376312,0.708765794237732,0.6853159816308579,0.7085167499168257,0.8241468096283209,0.813747775590688,0.8018670564634957,0.8032711467172428,0.6775560212267222,0.6771141001856642,0.6745571103042496,0.6852523310641543,0.6826343271702175,0.6814016520838567,0.678901882557176
A/BRISBANE/10/2007,0.6946535095992613,0.6917493913697058,0.6887529987020322,0.7235724362525234,0.7090301121895313,0.6803202938056199,0.7033227556206719,0.6936051700760612,0.6878337807251577,0.7105190375154266,0.7326659565966861,0.6907843223054786,0.665573902984986,0.701743107985819,0.6795101824961057,0.7432760335978839,0.6817844320177271,0.7514809709510698,0.7042090934638544,0.6870834879229791,0.7672834026962442,1.5859013201777943,1.5368013278130357,0.7213778682883074,0.8327983595185531,0.6978561389983782,1.5592671553278552,0.8058463996725859,1.5799841538667734,1.2517373015825788,1.588774174217575,0.7033107036268761,2.722686754748835,1.8951868490477715,2.756612962681839,2.508098811830418,2.380191437991707,1.6737115529154232,2.067762493440436,2.190989057644404,2.04701165995923,1.8816838819936712,2.2331670813012225,1.8715624330107157,2.765171477532893,2.2226164193468936,2.504109826460188,2.469648791726609,2.7703410621706355,2.38695923858294,2.7821620616121523,2.373178279832724,2.4066801720592155,3.0209981537489075,1.8904563781724093,1.8598331254777003,0.8422072214246281,1.9361318058412755,1.891625431682019,1.953160754027044,0.7041824814847065,0.6923120795784434,0.6848247380099234,2.8312439386951644,2.8120116623490903,2.7750066499933843,2.532090000413015,1.848850763653704,1.8949337340098653,1.7825064281035647,1.9124343630446323,1.862960153174992,2.1921313323921106,2.370059695256816
A/VICTORIA/500/2009,0.9343041149082578,0.6994141319775092,0.7001716634190852,0.7218063967581416,0.7078123066345581,0.7008023479555164,0.7165200988024903,0.7133946187156716,0.705981378706525,0.7037830768488759,0.7122928695867433,0.69123459071446,0.6771193892047397,0.7010002293769881,0.6856623287491833,0.7124113141619663,0.711583545786208,0.6921254074287095,0.7345145259631866,0.7032388181376032,0.6743038191234196,0.7372818139110681,0.6897323369908205,0.6817760255036718,0.624574744908895,0.6787819856884685,0.6875607841822812,0.6998841680564534,0.7095011707225206,0.6842287317267008,0.7255020089268623,0.6764716243457493,2.1273200226480813,0.7718268829200368,2.1661932083272237,2.3603365823800937,0.787733227805564,0.8187310222446591,0.742425679755984,0.7814476737513336,0.6915867841389469,0.7435741583657252,0.7724517626392229,0.8238618404791148,2.517288082844353,2.185810519828694,2.5056289827299474,1.9259223347781216,2.4934524131830273,2.1361194494720825,2.722935719062655,2.087597737117228,2.1144936396788063,2.4509683812955623,1.5417980277804686,1.5495031780072774,0.7224283304149526,2.0746530240107672,1.291650812365257,2.142165030683248,0.7160573782058827,0.6867024303493828,0.6965794215459824,2.716073321992188,2.6934166759206937,2.4311842148083262,2.6783941472471167,0.7738229257734954,0.783444568869383,0.7105446280230898,0.7581780092412075,0.7539422765946837,0.7964206909106182,0.7827237183789695
A/URUGUAY/716/2007,0.7186430776960483,0.6933306335884463,0.6876431363620825,0.7003576231355852,0.6796460037855465,0.699912009854791,0.698730849535799,0.7062106481007895,0.7142993768478424,0.6753096440590248,0.7037053963797489,0.6874739475420538,0.7143672842819349,0.6721036904905863,0.723252931341446,0.6875119035904526,0.70828130177955,0.6978780866317721,0.6780074141268743,0.6904880949854694,0.6991228190255994,1.2883446942837047,1.093563969205836,0.674647618935669,0.6826214308932861,0.7180275459475073,0.9597818254777268,0.670953808043399,0.779800300169973,0.6904393340453621,0.7843883397990045,0.6834113676212513,2.2140311612717496,1.2556398415937993,2.472105806458865,2.1608535108920526,1.314501774664258,1.7871226511161353,1.266909035711362,1.6291755679192976,0.8216348475901731,0.8174542005435744,1.5508331161694477,1.571550608692127,2.483124941376285,2.4215482789504907,2.5501500567673747,1.9168939578409643,2.5412888005557557,2.11835931940924,2.949054962207362,1.8070187135221056,1.8735206524995718,2.723145136394326,1.6122001905270968,1.3563299360614893,0.7556757572413714,1.7247439294553413,1.3265937218540564,2.154256912655249,0.6909116454568771,0.7192316989579134,0.6993186389278512,2.706739671924452,2.5306575916916723,2.703340141749311,2.4803994342091076,1.4938786244759512,1.5691756798189924,0.837217076635737,1.6175730225313139,1.5756163727245152,2.064666928448272,1.8384394155841077
A/PERTH/27/2007,0.7140199150206157,0.6938830388137183,0.7159215328455513,0.6891391255673897,0.7002203060669165,0.7064708652071173,0.6927862717070847,0.6951749613497656,0.6896544964584986,0.7066040496758416,0.6512990900108567,0.7020414387764222,0.6946547159423815,0.7340059625324088,0.691978149592824,0.704675309206473,0.7229586560197953,0.6847702839455679,0.7212315436957437,0.6872735210831132,0.836802198065593,2.076432849252285,2.0538652396466714,0.7236770091405297,0.7547597071119527,0.7218457489638033,0.8217777102757918,0.7411346021389639,1.237570294886797,0.7388630878338653,1.5322406027926982,0.7371132012604052,2.7345940125809447,1.558015169542642,2.7312601200652225,2.4931169485457527,1.4067504237837873,2.119529065058465,0.8902707981813909,1.853974362080741,0.9856850905351143,1.2621091278105085,1.8602122207092489,1.8820269917641865,2.5148964305881454,2.491665741572329,2.7684970481207887,2.1966171907772147,2.7578616963245066,1.9367092461002975,2.7583672637326546,1.6090529784725311,1.9253006238917174,2.7568849281040078,1.840619068647789,1.3295643374848196,0.7721684626017508,1.830497171750948,1.5923789932913839,2.189754107571447,0.7009583141118989,0.6790906799122358,0.7221160175582667,2.50151591743949,2.7246507700130786,2.5010621934837003,2.4532731181538683,1.3456030454257855,1.5995394748986667,0.8139604144287984,1.8278041654534603,1.5851676158247616,2.124251358134574,2.0859362597138302
A/VICTORIA/208/2009,0.7192568663207356,0.6961025817087974,0.6951405544703534,0.6734135896781092,0.719777993017677,0.7146210019616815,0.6925195883935026,0.6835212156549756,0.7001289992580739,0.6804188820702712,0.6808445379429131,0.7171177427248849,0.691095606385594,0.7202050912314757,0.6634555865887606,0.7602166276099246,0.724350547903841,0.671604487042288,0.6845770561288834,0.6962207288391266,0.9104847818391729,0.6775425612694576,0.6836888761534758,0.7010819205548672,0.7167602154602168,0.7043592128456905,0.6921636900992802,0.7024126953015608,0.7373771123189277,0.6300315912346147,0.7634495255362063,0.730110763845364,0.7181206806080189,1.0043552557002693,0.9961678955594198,1.9020288632457358,0.7263161418833928,0.7371620626996553,0.9363817557032975,1.0660765552059268,0.7487269104414287,0.9361593665351275,1.3056429579879119,0.7040368130207629,0.7674781615984534,1.023158644832212,1.490248582125762,0.9076322579320104,1.2148623962616805,1.8203889847516863,1.579984253690515,1.3968491856115195,1.350853112179323,1.6236016218297968,2.189782726462214,1.8918673868062017,2.1609755249305604,2.211800967705917,1.0398229844996387,0.9765767934068915,0.6851863716987636,0.7012220400387357,0.6887259303119813,1.9567260902852848,2.395671946379619,2.0807882112488896,2.1056862654771344,2.2199545386803865,2.954566285378047,2.3983188090733147,2.982081777890585,2.440825735867114,3.0228488000247333,2.4725757987286
A/VICTORIA/8/2010,0.6824214703312622,0.7094491195523113,0.7033883538508012,0.6964532328321132,0.7166182252008523,0.7058164217471162,0.7004524099264249,0.6985500536366706,0.6705845165647494,0.7123300463009997,0.7099704110925452,0.7038910575831192,0.6657021373546225,0.7126150547250378,0.6638112376513464,0.7554553508262715,0.6728271110289032,0.69706115516484,0.7033327562724511,0.6905283903893834,0.6723752180360059,0.7231139926038048,0.7144622602418456,0.7080630609428127,0.7166756841764217,0.7079149530533225,0.7368882026966839,0.6855046419157097,1.0025894471741803,0.7296974482228791,1.2628030558927128,0.6792554290898436,0.7792550347531626,1.3171316234227186,1.0230770062643335,2.19677437632045,1.0193021932328188,0.7066686757723665,1.013551195088883,1.2677167236206515,1.0109979299524023,1.3173576247562333,1.8451898287991582,0.6948571231285644,1.7398526352768435,0.8348933464183652,1.3599486988811487,1.8181012981128042,1.3699504206365631,2.2105040742097044,1.9214230323328585,2.1648167932747016,2.1494371554415226,2.1991322026944475,2.5184072329416898,2.4430592672042413,2.4259750330977994,2.935736739001968,1.523201073326697,1.6817294829241083,0.7044885510487096,0.6976716544814859,0.6802452968976154,2.7370027768254364,2.8338600058987398,2.4872693921180957,2.50633558446077,2.719960375351488,3.3205190642872537,2.749460092074413,3.3154587648776257,2.9496550371539088,3.349289915443649,2.7953074398653928
A/PERTH/16/2009,0.7280804086500001,0.689446761303795,0.6980347227108104,0.6896811184581051,0.689209617320978,0.6828536292378172,0.7030082730126228,0.6927811142371224,0.7467981189899414,0.6938766291995526,0.6676664175008779,0.7120678123921992,0.7431994601906866,0.6816592484557922,0.7672314119304587,1.181506112554166,0.7225892554964436,0.7045221508084464,0.6996580388295608,0.7257126586516397,0.7615075642813066,0.7053896439151917,0.7092631023471114,0.7088685111078372,0.7619448797031971,0.704965029913057,0.7209893220232229,0.6575863018684878,0.9725775054497329,0.709632810965394,1.219666703172036,0.6940033876214843,0.743463811298326,1.0138094892756921,0.7166699656852453,2.3218697639111014,0.9735620217453135,0.6236000689879063,0.6940097869588844,0.8034533535928229,0.6877074992958504,1.0009524980174178,1.0521396714195985,0.6886983335293864,0.7201374833993164,0.6771421170467818,1.0232002089347818,1.2411845701659794,0.7840322560044571,1.8886111509977246,1.0386550128801988,1.6009967673996504,1.6347742903476292,1.2986913876214587,2.3931321431893813,2.1024398736040992,2.363602465096537,2.235220063067311,1.2844452673867026,0.7860195498739004,0.6962368653846148,0.6821182758843398,0.7305336004531381,1.8311366595779024,2.368730186542172,1.659848621059481,1.8758937993723301,2.385632658171676,2.9837451156270705,2.7022560169826666,2.8195949946695733,2.2844825738489987,2.787586848511718,2.440839072506986
A/TOWNSVILLE/87/2010,0.6653330110512976,0.705320480194192,0.7044687514301378,0.7167475149421173,0.6664761427824016,0.6921533496666339,0.7015852785926661,0.7159491253392216,0.6991055036906441,0.7105022824213495,0.7363717015217991,0.6700162085663298,0.7155026812027058,0.6812146375663568,0.7152396378757464,0.9574078873550064,0.6849436632527811,0.7123516895424333,0.701190547888571,0.7081067530600349,0.6637370049472027,0.7595457348875427,0.7365859908958028,0.6626219913696355,1.1450567768155824,0.6767804605773841,0.9582676721624894,0.7174392003989731,0.994883452784571,0.7452886355115218,1.0372092738006202,0.671859017401001,0.94120709838211,1.2686149182167235,1.0363377122519797,1.9619903856768635,1.2678287424670502,0.7635364578079563,1.0598904158411786,1.4683222654662427,0.9923326566128482,1.3035807752784923,1.5675620493390454,0.7617749957277937,1.1089329193742503,1.1922918252816652,1.5714023759612643,1.5250639003833486,1.5319092418996583,1.9414641417456457,1.5988901542414757,1.8342457726968422,1.8391129121817573,1.8837642107645056,2.420269203545998,2.175847162864166,2.391635699518757,2.4223798497874527,1.3180742573648403,0.865444183786066,0.707883634640345,0.7138304535691661,0.7033927814439453,2.184021861670276,2.5249546712617947,2.1908460238636143,2.1907603163009965,2.4768832533904814,3.1097202109791593,2.7448940309601615,3.267862807151025,2.7091844500278417,3.2819922796652916,2.745622824806915
A/BEIJING/337/89,2.0737077874869123,1.6854445554077282,1.6562137419958245,1.9860617419362212,1.797165219266149,1.825522840132399,0.8696146618575131,1.844740294560677,1.0396462649782376,1.451085300319464,1.0179887616675518,0.9811967505824595,0.7024601792254621,0.8248414723100318,0.8241640639519301,0.7835646761530668,1.1716898280606045,0.7068446224029303,0.8887698042853568,1.2864409911646413,0.7013062524431235,0.5947464118665196,0.6279487510011762,0.7097537351213145,0.4985098658174206,0.5325803546626231,0.5241823819279815,0.6819322945229231,0.6554131119535329,0.6818557188237959,0.6289269110880663,0.8964887659667371,0.6859007864438572,0.6905935989488463,0.6847363186758194,0.5437327233577627,0.6256352153162446,0.5866918325753461,0.552129309338533,0.6125477229578228,0.7425341465626124,0.7115623662535691,0.7184583099164269,0.7112686010579227,0.6891182937153614,0.6895621068464238,0.8052964703668498,0.7067341422600105,0.6869387553268491,0.7248431261160714,0.7318320733735413,0.7459713755633532,0.6361184378756817,0.8088598141785303,0.6329312872102396,0.7006102229157831,0.6239605161862695,0.710494650130346,0.6571667447549954,0.6717925300879836,1.5867792310824949,1.728291159362458,1.3160623229838606,0.750394618034204,0.686758611732285,0.7115428089839588,0.7391028981756056,0.6395070664265402,0.6172247310607964,0.6045870242814052,0.6358512606872473,0.650814963226898,0.6514942478979164,0.6885841783491508
A/BEIJING/353/89,1.8275097694791365,1.3138019060954582,0.8394779440087223,1.7199481021440173,0.8074702322947909,0.8653380891060669,0.7469390976579467,1.5459105303716645,1.6018197983244433,1.865339034889955,1.3385412126069345,1.8377294659219472,0.7951230930010289,2.3197081063724863,1.8049089615261198,1.820189628790141,1.5944868522157487,0.810714088657003,0.7861356486092403,2.3510480234169564,0.7279700006777634,0.7272707351658527,0.8701476058676021,0.5924395852474411,0.511371299852148,0.6427468738951747,0.6269691088575469,0.712052241302153,0.6239905475586492,0.6347278726139607,0.8712306784210433,0.7324069281624399,0.6914431236483061,0.911575526836927,0.6836642083651938,1.0896397327966112,0.7010463616192062,0.5745779391964239,0.6699681091570262,0.7140631951656543,0.5963235928799624,0.8088508267180773,0.8821154063365753,0.5317256846646161,0.6221712687182406,0.6079552023443597,0.8431601185052364,0.672671872370952,0.6493103515983991,0.7485784612059521,0.603523423822011,0.6824617351523544,0.7425933740402593,0.8253244438165851,0.7372853144610051,0.7133385222004679,0.6897649368956035,0.6962552199559628,0.7951396053311267,0.5281424110073368,1.7430198727715571,0.734590142331369,1.8359241690075239,0.7759051862920296,0.7496664139506461,0.6936539502348934,0.7444701246850729,0.7111892812214002,0.6859267049090018,0.6912629958124082,0.6830536564768127,0.6688693081936691,0.7018787039032682,0.7250732050556263
A/HONGKONG/34/90,1.8842071203203559,2.072656627814759,1.8819593622643631,1.3998347835751082,1.9188715742857947,1.7976816536700069,0.8872344798429056,1.8651137863694185,1.253741023498283,0.8316510199476959,1.4168657421207325,0.7144709532674307,0.7587577351350211,0.7628675089502026,1.525274409811717,1.3261348217166002,0.8042852503544393,0.8097595676353695,0.6715490926506577,1.2385937380512806,0.9317782664306349,0.8152772297036412,0.7213441510755616,0.7332097822140515,0.9839209767808559,0.5575802005711403,0.8680914888391363,0.8678956700529878,0.8766151565779712,0.8297607736856162,0.7734453580942436,0.9162795213191559,0.7172353863684777,0.7268956023269354,0.7742202166632144,0.6690316129197214,0.8077904066166014,0.8634155307404351,0.8087341902455287,0.7574131780159349,0.8136953701662937,0.7867396405792232,0.7437638156270884,0.7655175335394381,0.6546466526263599,0.760177473144743,0.6802766216916064,0.6615660633126483,0.6697688394654485,0.6509336250359501,0.7400211151031818,0.6541766338855802,0.6547015627395093,0.6700517655903383,0.6693520131794088,0.708654515923981,0.7160377592635613,0.7045519991086358,0.7743185468226995,0.8427171063616877,2.308460565558256,1.795386817142385,1.2754673257812177,0.6634926953793077,0.6414920107641242,0.6598978384614853,0.6648215490231072,0.6751594358167937,0.6872339573995261,0.6973081742416216,0.6824917163114392,0.6858228866808592,0.6603643816241466,0.629333070765156
