Serum,001428_2_42,00836_2_5,16055_2_3,16936_2_21,246_F3_C10_2,25710_2_43,25711_2_4,25925_2_22,398_F1_F6_20,620345_C1,6535_3,703010217_B6,92BR020,92RW009,92RW020_2,92TH021,93IN905,94UG103,AC10_29,BAL_01,BG505_W6M_A5_T332N,BJ613_E1,BJOX002000_03_2,CAAN5342,CAP210_E8,CAP244_D3,CAP256_SU,CAP45_G3,CE1176_A3,CH119_10,CNE55,CNE8,DU156_12,DU172_17,DU422_1,JRCSF,JRFL,PVO_4,Q168_A2,Q23_17,Q259_17,Q461_E2,Q769_D22,Q842_D12,QH0692_42,R1166_C1,REJO4541_67,RHPA4259_7,SC422_8,SF162,T250_4,T251_18,T278_50,THRO4156,TRJO4551_58,TRO_11,UG024_2,UG037_8,WITO4160_33,X1632_S2_B10,X2278_C2_B6,YU2,ZA012_29,ZM109_32,ZM109_4,ZM135_10A,ZM197_7,ZM214_15,ZM233_6,ZM249_1,ZM53_12
Polyclonal AIIMS_329 102-months,2.658760421715632,2.28661764189697,2.828944962814571,2.308852966303382,2.7702196312002147,3.0675781996268094,3.095128988161438,2.1244698410556566,2.144672681024133,1.735277198781426,2.927972059078636,1.4933292379256167,2.2239077779315437,1.9920939749058382,2.634780855019903,1.7489840933889618,2.872545892277053,2.0539652948560017,1.8423605517624877,2.9579903834436445,2.3895881827559773,1.921658807131378,2.3068954583421686,2.541185554754575,1.493867939078817,1.790428074294488,2.418326149333585,2.2661091005391336,2.6816584021025838,2.199849285918539,2.9605977751893375,2.525059652057483,2.875476387263528,2.7379510331981747,1.874719202979825,2.317735533154093,2.305040146156725,1.9899678179217757,2.0884267056207673,2.148677906432385,1.6903377154528694,1.962650773011013,1.7665857421742739,1.984699749721038,2.383291149183437,1.8489174166450522,1.7843534975459279,2.1719786818926994,2.5906542229236607,3.2020436409402606,2.520211547350972,1.898978062402045,2.00228595038808,1.838436094748193,1.7897915532462654,2.6808557317130264,2.04528752900893,2.3677055444677926,1.6093637428925645,1.4690338417434095,1.5241589134706715,1.5992933544790564,2.5130024565350317,2.4103190331431392,1.3646343270172219,1.5612850578869173,2.1954995307314067,1.420365174435256,1.6600596777399947,2.273774666551269,2.274034586315841
Polyclonal AIIMS_329 112-months,2.450652584285818,2.0492656762208945,2.441076905216146,2.241205809828535,2.5901760408438683,2.5242883323972363,2.7019177523869997,2.4504768601424667,1.5245451621405113,2.0299014336220984,2.746228129161781,1.4497691055261284,2.0519067958219095,1.8623234862950448,2.430051098855575,1.6447781318318575,2.3870689200604565,2.1142256255743517,1.5765120585334111,2.8266464154630357,2.3476873433497047,1.986845134666556,1.544709909862485,2.2899445940951164,1.4022281363393634,1.5108857462075802,2.4795609859499352,2.123282345039181,2.1829788688492826,1.9109881361610561,1.5748604684641023,1.524805766692742,2.828652413214713,2.6615859517783873,2.0331985211257546,2.3402086707014575,2.1461224461038526,1.490486343081471,2.1817133633422445,2.237598760786474,1.5895743110184446,1.730538248370644,1.3873209873919907,1.603636341645557,1.993670040773058,1.6823599924580037,1.4928155776476741,2.083731331336604,2.4128480188216934,2.9239974908482624,2.4711419559084504,1.6484651182181889,1.8846804677721756,1.4211432351090112,1.8089575465564702,2.1127664183148225,1.4941730995148652,2.3481761004063446,1.768723006599378,1.4556159345690909,1.462368345216699,1.4228209610145508,2.3704623112114267,2.293621778423843,1.4042238808454028,1.3487655523343873,2.4136098608098013,1.421512352369318,1.9730229369760437,2.4081542409758203,2.3307248290391245
Polyclonal AIIMS_329 117-months,2.314840227036539,1.7619857666318146,2.112820948447181,2.053965020895554,2.523339444013022,2.47818676139469,2.21236477058375,2.0061371560928425,1.4461407308749625,1.2182027058837896,2.6656046169250773,1.9449482230662278,1.4811829498270634,1.3346146091737356,1.8137195827127743,1.0858783887908503,1.9338486081419468,1.4951001408022666,1.132340735137476,3.019919465395277,2.1283343788345066,1.9845953442528992,2.157354935951406,2.18543212198116,1.4060833015926324,1.1283811660307759,2.4508098237476057,2.4174023784291334,2.0367390995054544,1.4641345593774555,1.9371834148002876,1.494055857869318,2.356803194356239,1.4501677436311486,1.7735364624412167,1.4559359970977461,1.463419098396817,1.9897013494006859,2.2507270248702675,1.6959524339674932,1.561393321169692,1.5552614136435938,1.3201774090746383,1.6710172741883067,1.3995451088046287,1.5173750415842902,1.2014583674628088,2.271778579320732,2.1666803305467273,3.266560036184684,1.83630261146819,1.0516023328745603,1.4355139992561885,1.354679170376893,1.4634229504259746,1.9121705627647725,1.2866045703202889,1.784477567047164,1.2549165420174018,1.4520688365401393,1.8822376136320225,1.24151247251686,1.802927281241231,2.0607869813939397,1.564824367281312,1.1555583989980878,1.5376382473770254,1.4668472062133657,1.9010618695592036,1.4780943689986397,2.740086973534331
Polyclonal AIIMS_329 124-months,1.9189854253786278,1.4867881843163555,2.0500248528865557,2.0777522033509497,2.6373653241443478,2.5801861180023535,2.475940552484701,1.4804656186054561,1.48390492514937,1.444519374077303,2.4824462698436562,1.4721124337186358,1.6529616591025098,1.3577590737139813,2.120193028682425,1.2169104194637004,1.9571128162885705,1.733305059012189,1.1227434696719836,3.229461221383243,1.9636553212807368,1.8810381688788658,2.4422370756453993,2.1347053868939874,1.4481439118952573,1.1574175366205668,2.2986291041024964,2.6236650971852997,2.097267020660219,1.8114429874382911,1.929316764778505,1.8342878187598417,2.2170110797165585,1.5133399486567751,1.918277786563047,1.433583873614593,1.4293897593205265,1.8861177073103996,1.9894186143188546,1.749121045266565,1.630142523040634,1.510225883425635,1.28654164103119,1.4802809949523854,1.425228772892563,1.650444088924209,1.0896007632446116,2.241472306208766,1.537260962475008,3.7207564841247063,1.8378035981967749,1.1245872991807107,1.5801251647830155,1.352432767323781,1.4674776171563626,2.082196385440433,1.4436364392961503,1.932808259656747,1.3431570573985225,1.386097359096564,1.4794845873883467,1.2336290559723373,1.938686957593862,1.8571256558745601,1.6980038591835196,1.2867124260285006,1.4691580647404132,1.3753117627499059,1.9008796764134466,1.3907080814708812,2.7993821212509973
Polyclonal AIIMS_329 131-months,1.8418142644938715,1.4283796269905054,1.9692209912122784,2.0201965584881805,2.282322895462845,2.6230918971515402,2.5728547079846917,1.5099966102166578,1.8533264486590142,1.5671272686064481,2.4272176858236696,1.4340194351901494,1.5423378660020357,1.2537448408849898,1.9746417119734243,1.369211678336776,1.9027544754179009,1.6639542067957271,1.3479161293864954,2.7341821352799665,1.5677066171742304,1.5211859720555725,2.263627006709524,1.8048150860121381,1.8471821742800414,1.2793505719462224,2.128520154410036,2.2170211757358222,1.5801496878759627,1.4748062533981554,1.8952454980512257,1.7734701647586606,1.955233596384743,1.8753474543091777,1.567427315187243,1.4698439816548872,1.449559182363418,2.1725085175528207,1.917750289093685,1.586294622690642,1.356205924183902,1.5813649348182672,1.3561768196625208,1.216359139372861,1.4289868102249779,1.792120186342564,1.3497663153355415,1.9855589476189814,1.8040150881722399,3.1441368415651043,1.9763813831091803,1.5141022253389447,1.7949598978039705,1.3998223008221298,1.8153423166068468,1.9112207358985065,1.455965598786403,1.8941420429318538,1.3515295248116415,1.3712063778854544,1.8941057014444398,1.4293226139550084,1.6678338206189178,1.837075033533479,1.6040706344060782,1.3319040509490172,1.3982432745438798,1.4382912066707163,1.742595390773494,1.374083952138615,2.519539617639434
Polyclonal AIIMS_329 138-months,2.131260228017168,1.46682938150886,1.9365598544450129,2.090908585228359,2.407528255561254,2.800270822004072,2.770229259624066,2.081854053231326,1.5518287840597578,1.5579818894406343,2.643641386346741,1.8507376214324696,1.7795891712024614,1.3788276238395771,2.268774176902908,1.4107553767551249,2.029930540671838,1.7921278655157313,1.4214537787715724,3.18512619009394,2.2470404663810335,1.547273592126753,2.455983814206436,2.0214437025242082,1.803460356078708,1.4774254967497846,2.4656091043534363,2.731468896531303,1.9931219738465467,1.8436353537754016,1.9086720344284962,2.0642348396355183,2.192828712747019,2.336634394122893,2.060628915535472,1.4240673538471917,1.792365500112616,2.4911228808840145,2.038130446831662,1.7297695355172684,1.5947431796460094,1.9942584510529757,1.5509958582705003,1.7832108455679097,1.8275294527136354,1.817216923828372,1.407076238227622,2.0191606260881168,2.1008892013380738,3.5986331412750507,2.1258106997631194,1.5326394425579926,2.010390553469862,1.4316116897552322,1.872965392965515,2.1744675829320843,1.568099298958022,2.0952173138619936,1.3429612128624189,1.4337272193101998,1.9711084955585687,1.4013220791532128,1.8389014507924808,2.1654455208862373,1.6696462830852712,1.470397007939734,1.4983109626063116,2.0790392317596265,1.9526144583367044,1.4345281444871438,3.0296507893616207
Polyclonal AIIMS_329 78-months,2.7666667729988195,2.2747645780064776,3.012151332952401,2.3392062247683745,2.5206729580923484,3.0739148276503965,3.0320337480619095,1.9960426929925958,2.33912495935781,1.4692443287657533,2.731840343873075,1.537931002990912,2.158623158172597,1.8325627238951814,2.643782880428459,1.5036402578887822,2.6067360633060925,2.078276380237254,1.6716092254912827,2.9382395367642804,2.3529446234959392,1.8541546072109885,2.3843603172350023,2.46508062524231,1.840569523008195,1.7058311902899526,2.2786038899339314,2.2372691971303107,2.788427527091083,2.094325082300964,2.249434757159687,2.5139765328373462,2.848027757865035,2.6709227666108246,1.8102558296439004,2.1949282657423055,2.295753316363936,1.996747383540458,1.8803112070575319,2.176926697418134,1.6887567957015994,1.897565203473795,1.8221065762675188,2.1645849146953413,2.251431401474161,1.7159670404811216,1.6971468665857403,2.029001260839303,2.53119641107458,3.188392306525145,2.3982088365846157,1.6484089846863648,1.8345056222742115,1.4400275351283667,1.8756464763502418,2.703602211969149,2.0652360324625145,2.347688081322408,1.5278689063303705,1.8422590654345428,2.013322612538523,1.45671636667484,2.372602276677378,2.30199872670856,1.3853499622942353,1.5515051023123458,1.9378770572576498,1.3967684965083533,1.6120465401029522,1.559635571850147,2.288236877103186
Polyclonal AIIMS_329 82-months,2.872600940633892,2.341311234533688,3.0288555013593044,2.342804777815056,2.6112364926787004,3.064975838387004,2.9926253818137,2.0305494265633,2.3065140157163047,1.4898545622188233,2.7813070133797737,1.7745528307853256,2.155477319335409,1.9764271058590321,2.5939896614821407,1.3907814240433778,2.6141008686183973,2.0421900697120083,1.7106987884047964,3.0198221124176294,2.482830218676603,1.9722675601815476,2.3981021952771924,2.52530228441604,1.4290576433015494,1.7061404207858522,2.377371929980736,2.215808917512824,2.773801704364847,2.1107693190987975,2.4006703875706625,2.3988643513591486,2.91210098177293,2.6328036401502253,1.8401067657597177,2.2315205520756027,2.2951842313812723,1.9530915349784412,1.9884982802305484,2.2557443834630533,1.6506607006135368,1.8060681088949948,1.7072725822300285,2.058152982854314,2.3109945933968463,1.7009295377283054,1.6485755553848864,2.080687949299505,2.583322407241842,3.217048365440249,2.4179046810749907,1.5854858624553232,1.7623069301177512,1.3837238631083701,1.5553998922288605,2.74919591644064,2.0635772147713585,2.322458838561016,1.5125523306436182,1.834951066625768,2.0185140817733602,1.4752916646385046,2.4555847130513158,2.410593428472335,1.4064490094171775,1.4915667533589896,2.0835574827322185,1.474165161747206,1.5030124719600033,1.8233806501575827,2.220121632444994
Polyclonal AIIMS_329 90-months,2.779702060764796,2.3864299111059366,3.0782007394456414,2.450471988682918,2.777550589043835,3.306188365118391,3.2246033553313893,2.0053027063396938,2.334333965667179,1.4486698946963963,2.8747990106181627,1.4509606243128381,2.1610349781622045,1.8096712654154268,2.633975494859989,1.3446207684952145,2.63596378799778,2.0660440910828486,1.8841844475962775,2.979733280856517,2.483958079741647,1.9352662010513175,2.620668712745924,2.5532767681891637,1.8656611591738443,1.8791798202066818,2.3778519098511133,2.257056105911709,2.9385648156614304,2.386097160640543,3.210811564795746,2.776025878938417,2.916072782180744,2.645234771202107,1.807742577161392,2.2165408003238896,2.3504519672799846,1.8870899524549019,2.096219692015815,2.2134016276201764,1.7235326802698092,1.9997383979867303,1.8638073369715762,2.3422513113407635,2.459708049404372,1.7772229456574713,1.8391269939733352,2.115929573257924,2.616744142499619,3.2828762817660992,2.4277777027733114,1.8320687891164313,1.8817919640270426,1.4723956618089866,1.4805822713086019,2.813118503416189,2.185360269935539,2.3608771483613222,1.4726703954043903,1.47812970015011,1.5349697327361955,1.5001815779583574,2.3402856592371792,2.436740497414189,1.4717643501353068,1.5078947348001344,2.150228543977911,1.4924570365730812,1.6572259784720678,2.270113919300389,2.3275812778154945
Polyclonal AIIMS_330 102-months,2.9617750706735837,2.041787859285172,3.0755888342110334,2.644524722526447,2.5231779735508217,2.8490452450190027,2.725232732685946,2.9546112796592263,2.8434280684091338,1.7955896183949265,2.8794799170147094,2.846869950638866,2.2783008228419286,1.8513461242000875,2.689695553361135,2.0584569231199774,2.7526450717340474,2.0434245678728065,1.7280649150219087,3.380432714469098,2.6187014743834895,2.935646747015542,2.6522972170025056,2.824341038050826,1.4358030439284242,1.8392801919624413,2.5250884696511986,1.5246422153938912,2.522282031347058,2.390065633422088,2.8440304587672864,2.3246721459349557,2.9206739077608903,2.232946579346706,2.5733338386488276,2.349367763290155,2.368374854920583,2.6625513433683654,2.6013407156184587,2.23557199182949,1.778011991297489,2.518065509394076,1.7848244387453944,2.301230703478264,1.9037899394324826,2.4125332254007485,1.7548489201289925,2.934473228682249,2.359896399441154,3.3209775486884388,2.3731782663264345,1.9170432897317093,2.1681448833996577,1.8800510761266909,2.45179231992916,2.6913368117862317,1.5515143095306936,2.5303939780247537,1.4335288047641446,2.48664177881244,2.8349085328341515,1.8086824564191621,2.3938013122309565,2.6426262171636123,2.09873357617412,1.3583572335850964,2.615076163365437,2.4944125662546313,2.033356902619934,1.5100536757317795,2.816092902213902
Polyclonal AIIMS_330 112-months,3.37015953025782,2.582555977851972,3.3683274568796824,3.044203250320626,2.734355139810094,3.355701339919821,2.9040553905733137,3.4039448866150286,3.173137793634429,1.6069174749568873,3.0923603717876125,2.9742791358980094,2.4146729562898264,2.0044317586468257,2.8917958975432256,2.3876961152236733,3.2345253586685203,2.375037488555692,1.656215989537547,3.5439764084457197,2.7412587378278177,3.2316248226153794,2.83475419966625,2.4699476062482577,1.3567374350813037,1.8741474970460072,2.8993431417764626,1.4955242715032526,2.689289369613139,2.598222103006588,3.176043755832678,2.5601917167086654,3.473532660823264,2.3969728954215013,2.624275239309844,3.1638197241964585,2.8759542168125654,2.790436915010642,2.979939069266959,2.8706599132886064,1.7523945414196802,2.595476189035301,1.9162536428411383,2.929439144221705,1.608087009907994,2.345822785237041,1.900782621025043,3.2342136922578737,2.970615802597065,3.603587310209904,2.6762084752213076,1.751809968360694,1.8322805282790793,1.8994146119118853,2.5915110685574927,3.0268421977683104,1.7530337136202336,2.826919037607891,1.502053776403749,2.6454499870529267,3.2086404451652983,1.939039779436642,2.712163004407241,2.9429834011167575,2.1545237010205693,1.0881557218813738,2.8852051568811534,2.6896203716400526,2.0872210793512007,2.3661187442740044,2.3987886762868253
Polyclonal AIIMS_330 117-months,3.3019274446169335,2.4661087473632683,3.2480183639158815,3.040285876464093,2.8616822380204505,3.354229000590906,3.0831358430198046,3.26555787953654,3.1646559691383365,2.0347076217537228,3.022554737212884,3.010202841436991,2.453610821118551,2.186786437916142,3.0773024920066314,2.3630463130735517,3.212864376119592,2.551296468571029,2.0301281525331705,3.7898278532667566,3.0870455563103505,3.19215159312457,2.997367336978911,2.6446197763743617,1.518743300711408,2.1488090265831348,3.0272183876300387,2.3834435812507415,2.762187018576374,2.6135025047862985,3.20121832887488,2.6097674405044655,3.3514777332329686,2.724116446324045,2.837830684865943,2.8498260802097732,2.616246432648005,2.96615452275884,2.925154937572607,2.852558009604201,1.9414775600909668,2.782003318783392,2.056393903989152,2.6851847489688287,2.4510362693309986,2.7213418361894917,2.0157445415878645,3.1294679466527056,2.9442206013120895,3.9765605204519154,2.7933933779002738,2.080235221576883,2.3246868640967446,2.0883203358730373,2.7026397686239694,3.2058745635253425,2.2970374543182697,2.947136171497787,1.7860575709972264,2.553879119193797,3.1352138421550606,2.043799857131254,2.657688101605026,2.9826400598965623,2.4902554542719164,1.6822090186310732,2.989898412438122,2.7498328249793866,2.169386578122005,2.236675022846148,2.9284570786384716
Polyclonal AIIMS_330 124-months,3.2508111822887518,2.5076008176178304,3.1528094563711058,3.0465566116768326,2.9675819702972817,3.2666551615107116,3.1721483944792004,2.822982528458187,3.2529331500355507,1.924398978080013,3.0600114778284793,2.9276778797252705,2.4095304902538275,1.9493790035261163,3.0581337859292326,2.2423876015348414,3.1949273310496595,2.439301171686206,1.9003497571236898,3.800256390580347,3.208364708732522,3.142928251620808,3.107225189009366,2.750114826210152,2.07069648582517,2.117481358958284,3.0841418110895438,2.2067423010995726,2.837576274057474,2.573179386063096,3.2453956562497677,2.6757691131770587,3.1374322496600024,2.760090779268193,2.651861947759377,2.756319455445146,2.582444217650706,3.0444596836282,2.869704468140733,2.6531074349715738,1.7663455781583166,2.7581503111507804,2.0683407931125712,2.6841487246540225,2.5450659373171707,2.644735443672344,1.988825325541358,3.186853529052268,2.975663015574529,4.231700941902875,2.6903580973607024,2.080529785777394,2.352225227718943,2.259506877120014,2.5821836007417076,3.2049539814586385,2.1028486099683503,2.9157368317834322,1.6958730625101095,2.378313390267058,3.0508262922867857,1.9758061395610438,2.6256778044414633,3.01195155636833,2.381857914567935,1.5625479206608204,2.9048528342722513,2.6730751987698484,2.216545949964658,2.4535468778558363,3.104676751120043
Polyclonal AIIMS_330 131-months,3.274894130030744,2.590846689930726,3.087436544479787,2.941310630778168,2.7901151470455945,3.2035458801568506,2.7238724558074816,2.581002790519628,2.984067698143421,1.6694836645049522,3.155002401454107,2.931468487047911,2.4588020479245443,2.0260656927716463,3.0502618181515526,2.4568195436692717,3.1555619703457136,2.6921890507941377,1.9255208535701631,3.7448597284080725,3.0918873782338157,2.9906097226213344,2.8120350872537685,2.6584567701874073,1.8538040099521707,2.057485269694521,2.960109737741954,3.1670660009433886,2.6578035008157626,2.4306140939925407,3.3020466547860634,2.363327363115296,3.062810139507638,2.2233237746290526,2.5446350371161612,2.869771357190115,2.640431901738957,2.39619317297609,2.901838116553191,3.1352809735773386,1.750023465055642,2.6349157435603727,2.0248955438047966,2.9511294525199485,2.5091710806446565,2.49964234255303,1.9973723639417875,2.9780908597346967,2.564290953014348,4.112797765066071,2.9069441174123645,1.7926566191520565,1.9402599941574088,1.9707999310710955,2.5393124334369688,3.013468175646566,2.588107879248075,2.7929459210018717,1.7992743559896776,2.2242242262299214,3.217878137163127,1.8577765910203743,2.5126062825714155,2.6761217645904916,2.471593667593561,1.5890042344682036,2.7808774630713087,2.9007695088174463,2.1865459895481902,2.5423273801580373,2.787917651666744
Polyclonal AIIMS_330 138-months,3.191583106829963,2.4072104167404227,3.1604531792736044,2.904112701104763,2.911824307462944,3.3124310853838095,3.162876204135169,2.729798542751455,3.229379322626227,1.9972389168060989,3.1973375700488154,2.9561940752782396,2.526875375714992,2.1849959240881,3.024052749935654,2.379438805560017,3.1993745290210915,2.4373151169396916,1.9868440896598167,3.648456440076747,2.94724422251375,2.90868924456465,2.9092281076619644,2.934416336216427,2.191659955764492,2.2020142225954773,2.9479810012401453,2.855308538929119,2.806642206806721,2.5084785660115037,3.419084318675618,2.5386443747717697,2.945530645385083,2.8584868692698633,2.6990214568942266,2.755403419010915,2.648315330246964,3.0513202704401916,2.9005164104597885,2.7905981108858473,1.7979253608543668,2.8516852282254934,2.172652741293593,2.8155755841931907,2.495828902285166,2.6909097702468845,2.0809507892828645,3.157911473694372,2.720516908809933,3.787310423615475,2.9632177731292355,2.200666210466035,2.4176989631758063,2.156698766203479,2.4855177592023883,3.2061640173959756,2.21490549537023,2.845033416397502,1.8236716760612752,2.2560400143466,3.1721096433161344,2.0327965376940083,2.6116428484005354,2.980053434576301,2.3149921131054034,1.7079044015264446,2.870262560735309,2.98935288813791,2.267934248340613,2.4259264145588952,3.069214819304576
Polyclonal AIIMS_330 78-months,2.7519581279519256,1.9038430951423753,2.9945642906928365,2.560515922905303,2.1539834207708317,2.712927233570565,2.687104267550904,2.7995875906062144,2.5078246888857567,1.3120984600487136,2.6529513591136418,2.5081012525552513,2.0586478470167453,1.5957124508505842,2.5279704992401895,1.5205805097683744,2.6196196900111017,1.742243235308231,1.552671220438168,3.017225610691856,2.392856413684565,2.796274554643981,2.495675302445232,2.743358175109009,1.4095632521298358,1.6204973531760296,2.37005556038049,1.424407614101313,2.2299945990189443,1.5010305830837258,2.5720211407484213,1.8638044752372318,2.493257009035492,2.0634954442576845,2.0361853110550125,2.2058066732055686,2.1983583726219873,1.601073773728952,2.4343838619462366,1.8191113990997259,1.6237571205526846,2.0823846876857823,1.6345677933303344,1.982581302171585,1.465211564119775,2.126016066841066,1.5370682061581484,2.885326496138287,2.066218476634771,3.173310313002819,1.89089560176673,1.6101983511081215,1.8626692050779357,1.4190162591691489,2.2851705674075697,2.451354349699219,1.6858608917211728,2.2383464387938825,1.0141964744192555,1.8284467878196344,2.5185458539383587,1.3468514491876418,2.273294372372355,2.4433450297715065,2.1220920906035214,1.2364822676711609,2.4722684818576224,1.8687926121607514,1.6292584172962512,1.417197838411506,2.7435921134399415
Polyclonal AIIMS_330 82-months,2.786307461484128,1.9364867499596428,3.0113626695576032,2.529865864277256,2.27747777470639,2.731601350953551,2.7778294242549304,2.8034492980513637,2.544656799119285,1.3158442422375207,2.727994529277436,2.517510216242079,2.140608298561059,1.5947339942117933,2.6306480341178347,1.4795639301607197,2.6081722012579895,1.7561781803803158,1.4025638706058943,3.1260212016655897,2.4395341121092864,2.8212080784318987,2.5223862585140244,2.803043215589896,1.4148872244925261,1.5739605582996241,2.4219734813990064,1.4259246833745354,2.388540857853214,1.6205554696810915,2.625614964055287,1.9570610728576732,2.465660119834866,2.155515137764349,2.1347673945562553,2.2223079589349277,2.2397510116231114,1.9271745032738978,2.46983827719548,1.7755695712882915,1.647161867771904,2.147536610827594,1.6825108387529966,2.1089860779199654,1.5070418018556686,2.0599232923928295,1.4806294834680989,2.9518008981313146,2.1173349722307595,3.2261505854344934,1.8872332274903565,1.5817512354856942,1.8875170241064405,1.4393496396918293,2.310142757153364,2.526044813130879,1.4736223598710807,2.3366767512364577,1.0157411168754125,1.8856384819408183,2.420483566995385,1.3782655768993797,2.3914899204181186,2.532677321816222,1.9919741582588817,1.2119597407617382,2.473016870393442,1.8957765820047083,1.708232433886364,1.4231735905688137,2.8252458879059468
Polyclonal AIIMS_330 90-months,2.8400704185668975,1.9029671765612137,3.015758580689109,2.581281991745473,2.419513967773936,2.742772452446105,2.766623951584462,2.845773713834716,2.7092625433395323,1.6415180100477014,2.838781487453221,2.6498514568302136,2.227761776976016,1.585634585354985,2.743235965944762,1.6507777952216938,2.433112806486151,2.0202758221357255,1.628293487382079,3.2531677289227288,2.5226818742029815,2.841860854633767,2.4780611124788257,2.820799621588889,1.435839356445817,1.7365942798834644,2.4451490755745935,1.4573199418883158,2.3672836419012686,2.1332976452503223,2.696766523811851,2.062047288568454,2.4670464415846016,2.2660807418386986,2.3200074405546527,2.2540992033738547,2.2781218528790887,2.422292544338762,2.493638310129081,2.0168201396409735,1.6847824448747466,2.378826403274368,1.7591678960993535,2.1573493063044276,1.930685387768602,2.312100105087433,1.6977210004407168,2.9287810127696323,2.165991413762974,3.2567589153987413,2.2024058246673017,1.9060440384090378,2.1215018013044533,1.4814791735807846,2.4448892119614696,2.532876234936057,1.4490873655899352,2.537176881267933,1.2150269088869934,2.1897433699434767,2.5187188916677163,1.6741881893639055,2.268110940755389,2.563738065381315,2.0733557170650316,1.2776017788340255,2.5172387590182987,2.340997108163798,1.8667852307522899,1.5028786650822217,2.8152447585744804
polyclonal BF520,2.227498837939235,1.7369035676865745,2.3768619745729676,2.3251710500243705,2.2282325988609992,2.283954908808607,2.37849991523897,1.9512514770820013,2.5856856208753736,1.7701372795366,2.3862653229659,1.9767002652631678,1.841237809343232,1.9291294924960574,2.3991332207470295,2.100625718859737,2.5306144928229393,2.201292663767746,1.8471890151187385,2.7848711116073597,2.3020981645006904,2.2786813902393717,2.2500065284715554,2.016701481626712,2.2294682741354004,1.7577408026631136,2.181003899042876,2.3577060635631057,2.109749848610595,2.071961146014475,2.10235397008074,2.1585420579770314,2.3932563564031666,2.154864913897379,2.1639739151145587,2.7842370098572102,1.8413097894294,2.1100318754988883,1.8241904161220823,2.441222182336963,1.9130751682357006,1.9229495687089344,1.6975052326320006,2.005561862538709,1.9875181626808762,2.1704043822674635,1.7232267695797883,2.241134316462856,1.8882719184495378,3.571177419826988,2.5215609174589098,1.7358850289276258,1.9760540979581556,1.7291821111946508,2.0929396842494654,2.3492482679220377,2.017218091122703,2.553999546883227,1.6633059069719816,1.9947735983184012,2.273528070763426,1.546691751818655,1.9881864234873137,2.09964179504783,2.002058137779649,1.4828804477460986,2.2514450589530384,2.0732541156380337,2.060110453099785,1.6974651314056597,2.735250069623171
polyclonal CAP206,1.715957410808006,1.5789105139783768,1.9637406626162812,1.619554920006732,1.7815986988268668,1.953521370935814,1.984739699951689,1.3249112457762262,1.9708454332207608,2.043000489722127,1.3664124132530524,1.1173747284835993,1.6968884044954797,2.748148540878012,2.09408125445488,1.9565406768101392,2.4584507350694285,2.1000886266169214,1.970511413079868,2.0106769035176137,1.7538304007468088,1.478767151965165,1.6263079619875334,1.340286975837008,1.3523893840237289,1.7986659130032125,1.569477501880897,3.544990246476071,1.9358527580161309,1.7541304989282551,1.6028113960463883,1.8459612439726063,2.5112436059737417,2.3241693993508212,2.0817918535532165,2.3497081001430473,1.3643200659625734,1.3069725862614605,1.2845938393996486,2.477353460190643,1.8991528718607669,1.3489241454061007,1.466787758992646,1.332615437568939,2.2806062373187315,1.9147827456284543,1.3401242776022202,1.3336671097896562,1.3698969654473876,2.262242703336703,2.327339177435571,1.4430201091895563,1.7678601795947382,1.3826324334664906,1.3484605465379715,2.4262778229838378,2.9882561931591107,2.0428694624620833,2.1074135822499427,1.4775153901046665,1.6344649812924306,1.3041868805074017,2.0174564240309314,1.564430129091115,1.839584437860256,2.2284504298185253,2.3278913811142727,1.3055633622724088,1.4184578027270005,1.3894940437913286,1.9478864100504119
polyclonal CAP256 Year1,0.9283589533706857,0.8831652874153613,1.1685398801936868,1.4800934473388363,1.5445867117702137,1.4477307206070682,1.7342180368101165,0.8929738315148226,1.5204088953737624,1.6007127861261803,1.4318793009461355,0.853342289253757,0.8377434210212673,0.911686653380307,1.0939541713377106,1.198766933307794,1.1017027732607967,1.378231094247325,1.3732492716195699,1.5492594761008602,1.255855944676096,1.0415826955463476,1.5005576642536447,1.2967459469296785,3.524872265398394,1.3172290124072283,1.4164688382658557,2.4276747981315343,1.2662076117832441,1.0903749252382489,1.2678399073540152,1.2377295290221406,1.3647679086740645,1.397300582544465,1.4827428320741998,1.2378523462615552,0.6942463527669056,1.5982684253523463,1.3679028774160946,1.416480986386786,1.5030059052924543,1.4103124238633038,1.3444614748180108,1.4119459046495058,1.3465416098025638,1.5044739612877547,1.3554812553832345,1.3147966909872144,1.3258182293608836,1.9160160147042813,1.777887183064158,1.4055072886524291,1.7215312127541214,1.308063343040258,1.3245711207097592,1.2784020865684207,1.2419428942916606,1.4688743905639674,1.6622735421782393,1.021113131944429,1.279090173784856,1.010552068527063,0.6923191640322053,1.2945596073860604,1.4270310686391123,1.3280510833499874,1.3310082423652672,1.3718159544419612,2.3725805703185197,1.3064951334509791,2.832278403637841
polyclonal CAP256 Year2,1.2663157580577962,1.0962418499995374,1.6351365990528783,1.8702822845375657,2.202340399257422,1.885403993524068,2.0902917254757893,1.5475464910069554,1.5893454742470874,2.1552792451243286,2.2801997226612585,1.039033941828002,1.1384843955074684,1.874538995503991,1.5105650546696974,1.6755105385462246,1.6311347713481,1.9610078340735753,1.7877547975701247,2.346866076402688,1.5353118536581067,1.490393973785081,1.7812212410242971,1.3761819912044382,3.803003471804934,1.4369147697226974,1.8777103795115904,3.766658534957511,1.632338734035046,1.5103399534388022,1.2680202931434073,1.4720867954612238,2.5920987595352214,1.3870222256744456,2.506757659960657,2.1275002163559886,0.7654466204113555,1.6622069173965333,1.9039803213960151,2.271638831943143,2.6129348538647665,1.4292314030601807,1.3067414833373245,1.6800981666695551,1.3640747672321731,1.6702546639457017,1.3337654264118004,1.3242420768219543,1.3369957056785466,2.95954716884812,2.5776471497259132,1.2813044834400662,1.9866315338564853,1.354479247745207,1.3339643350923285,1.436039413022429,1.6697438836239602,2.142800998910664,2.317146349254445,1.5687573018722587,1.4280991639763796,1.0736042704831357,1.2877836811120766,1.57034685731159,1.83545948047311,1.7716590490130117,2.116101563067855,1.5065727080452378,3.4728886803397954,1.409588556226955,4.063470877042412
polyclonal CAP256 Year3,1.9262111781934985,1.6333024917618972,1.9456144600968805,2.408411324856448,2.3143274830371117,2.4046703300965264,2.144461895934428,2.1606312594774226,2.160719536414696,2.2298580394703174,2.799739193126861,1.945699511641912,1.7205123367967459,1.8004932806237135,2.0593174916234567,2.3490356472506098,1.7673715758107076,2.4468468345442864,1.738987079883807,2.9475924533325513,2.186162241083707,2.2196438656099753,2.1748995203370476,1.4132778177985277,4.025535668077393,1.776316668145438,2.3863771453058145,4.0136573623136655,1.7801409806458157,2.1419791796914005,2.0265431054051635,1.575590025448161,3.0613892514326855,1.3906775902183506,3.2507067675367436,2.176598089398939,1.6542945308615111,1.9763932666462318,3.1440212874896547,2.9776735641526813,2.186546364105098,2.50329474114194,1.3859993363963532,2.739439564663031,1.6935856181744564,2.0245922314047733,1.4029651263663339,1.4649545382123734,1.402214543043558,3.2471891241834916,2.8710999744354844,1.451508178480304,2.1086874583279966,1.4091241386433733,1.7494433124704387,1.4808949433820835,1.6340971760002028,2.4381527424673095,2.4420096295928193,1.8333304205945296,2.511721064868575,1.3708115871744853,1.4362335271225941,1.9877656429401191,2.480226887621206,1.768453956825169,2.9944418724957114,2.884340462408682,4.0280883730579475,2.3433003199234252,4.089851945225396
polyclonal CAP256 Year4,1.8336887202493548,1.4353211014059704,2.0381333612451282,2.282469356561444,2.082173898754494,2.0604713128372016,2.0430312870402405,2.2888879331060714,2.1737408180711397,1.8798666586631327,2.4591891280639677,1.9657047459604728,1.604750259665927,1.8284482616934723,1.9764085244954246,1.9799111332222032,1.9591110294266638,2.167261745587928,1.7808100783472698,2.567670095959037,2.105523593730517,2.2808830892482144,2.07720302648836,1.4322258893909212,3.645757173215081,1.7367062090442877,2.0954193879905594,3.0541265323909608,1.8750167692815245,2.0308018566668657,1.9908623313729872,1.6938790751748973,2.9684635974338063,1.381630162387388,3.121640949796798,2.4876911582405024,1.5549597842389322,1.7322073602961212,2.5693859582057934,2.6472391895894596,2.514920742611854,2.133956535954193,1.404062340887755,2.703768913975205,1.3837394963764313,1.836180876550791,1.3973742896172006,1.7011667921052573,1.4180354368728632,2.928349138552032,2.5717218095772587,1.2928515524300426,1.928803571499506,1.3683138633301692,1.4682915643636285,1.7583693674481726,1.6058031400055024,2.3905638677852616,2.041647696251152,1.9686750791212353,2.119387823892714,1.1387550287691528,1.5918113139265049,1.989513614631089,2.2030470012086267,1.457242242465516,2.985710609527125,2.5904136737923116,3.6298620243440727,2.0169990321290756,4.005111073791619
polyclonal CH0457 wk8,2.4968427603964116,2.0303630058124287,2.563322748105639,2.3482529201475884,2.2186991226379034,2.695133522876496,2.5163088818248145,2.3260938381782994,2.6028162591654773,1.4964658691676647,1.8551073768643551,2.2460711178575945,2.324729621476557,1.6913702181534451,2.817253438829921,2.2065283064157413,2.882328243818118,2.363200351792034,1.1825774107701292,2.9505356336236668,2.4727720453629356,2.46745784504071,2.361344662419785,2.2520621584828335,2.027817949553101,1.8614482452989676,2.345171455053666,3.0159698291447192,2.8486895667592496,2.127687453965111,2.5969916473713535,2.2233424912780855,2.473014599184868,2.5206446255842545,2.570258711896549,2.282802449941288,2.402369540813699,2.680831595827515,2.2478633688180674,2.587593716686528,1.6790575598225423,2.5627639125038044,2.2869513038358456,3.286118862342409,1.9344154895470904,2.1098850482487195,1.6834198042686226,3.1284047027871154,2.2599953336171636,2.504442814228658,2.2999268702252067,1.4317259479866757,1.7296619490697478,1.8860472762088272,2.612620173383659,3.368797125958916,2.264580479337315,2.3318192488311738,1.7588034617448054,2.078514288665149,2.548066233688961,1.5309487457830542,2.4098856531956665,2.4183721744517253,1.8940027574290452,1.5129742213301132,2.3229795528020443,2.59972513732595,1.9667284602197255,1.886711054642949,2.4385427351911653
polyclonal CH0457 wk96,2.475573548534591,1.8926353599572558,2.581868363898214,2.577133823973676,2.41737755766788,2.8422052637300315,2.657173437336973,2.5909742828314686,2.6849139853231083,2.104669077579584,2.1980717812659023,2.4072237514545387,2.1556461681198584,1.8498905757500714,2.6352755360691775,2.4490882930219975,2.8476318973129713,2.5469143372627565,1.89704527467277,3.06094660288438,2.457611416585691,2.4663668988859753,2.38299883433707,2.4014198719431903,2.269008741133068,2.1230611917231412,2.508720323714802,3.243182604821322,2.481814281310241,2.2297834586686527,2.6954703665508184,2.135503400643109,2.6033057164443845,2.625000141340296,2.594136402426897,2.4676349605796224,2.197134105105645,2.763940379923982,2.3228976194062603,2.8616719602220693,1.9190202705493855,2.6140730370326635,2.2911081376129396,2.8223072858348637,2.2021250671442294,2.6229793717033774,2.148777576032519,3.129991322942911,2.498473913940524,2.805327905130812,2.8623871108207304,2.019492851466513,2.1888239336308395,2.084399855831281,2.7233346926577893,3.1991314225395087,2.522765547922801,2.4929739344958532,2.1081370575408998,2.2283489649988155,2.7617940304089323,1.8802057835822794,2.1110207228792035,2.4875046795030853,2.2276261826370622,1.7091382091264578,2.3646651580169076,2.8453727985717423,2.2583623663349592,2.0804930975631466,2.7588758064392884
polyclonal Donor 17,3.4371946465265513,2.6761460663969174,3.592542827999357,2.6523612126004883,3.0177918085475035,3.3999246238921197,3.5896646072786984,2.742348541208518,2.7112003327298027,1.6907555807934755,3.4516114020509034,2.3435085494622188,3.043141352489819,2.5551032358293475,3.611655105653546,1.8566618162599335,3.5702162436008855,2.2854528400452363,1.4662536260935708,3.7738704799444838,2.8765134055630464,2.679622819027828,2.5955399480075414,3.189092541442947,0.9639924034880061,1.7849181904026619,2.8164317589806744,2.146409955247944,3.2146892567824628,2.3831848553341883,2.868489439338318,2.659356893794488,3.3125245444007847,3.239021524831468,2.622251519160579,2.890727301512391,3.0338195955585467,2.3397848287366725,2.576070605255588,2.291465797559585,1.808721035298525,2.3028143819562716,1.8145086327546263,2.4145182935442056,2.2330340024559128,1.9054553919944723,1.4316751820366658,2.8301770236178374,2.5648862088278226,3.7874606897646057,2.4934275568072204,1.6638710549050613,2.1076469110839238,1.7306819855872784,2.2484271638802054,3.33764868274055,1.807452415532028,2.967193916881218,1.4534623493935899,2.056055700928484,2.3280773291442554,1.5952458761540802,3.6782058595284237,2.9692431346667956,1.5103713109401262,1.6123355178684295,3.059314355553254,1.8397633144534729,1.6843878064977609,2.0326184489803856,2.6625232565599575
polyclonal Donor 24,2.3556653518829083,1.9639565879388612,2.48379449038722,2.444547411212924,2.4676170444366248,2.3918755766148867,2.4634606611989374,2.2443086155204743,2.6515656407862727,1.992462097390071,2.6005617412839834,1.9462529376604796,1.803789744624016,2.3663184457108075,2.414867798083376,2.362622241090829,2.789065951657138,2.4764164411067564,1.8858278476032688,2.938625092090126,2.2516122482660874,2.409053746192778,2.1631605966430936,1.7640524844908636,2.190897390535371,1.6570803107230199,2.3989086827424773,2.6300008902556913,2.037715797168952,2.088959988762154,2.0679046512220207,2.1436190180295047,2.913287572316867,2.1940429019055676,2.2714090117916186,3.6071659383371397,1.8481639791958095,2.2041818825549404,1.9984516603082534,2.9194809789026133,2.186137609007859,1.6218079089013477,1.6133887370207132,1.935545510416951,1.7278530552787552,2.1004868238468104,1.7237078691195045,2.3379113050098903,2.198810727249503,3.8682183428754104,2.906710598176672,1.5648851114004287,1.842036286278726,1.7003513323136326,2.1755549791645596,2.3611779608483277,2.0645878536479856,2.8880756242320293,1.988696325660362,2.169059489324534,2.2875525504171668,1.616616847999425,2.2436602319834034,2.223262323645847,2.0106045431536588,1.436451514471757,2.5533431015051233,1.9113496055249297,2.3522631466436303,2.1391730207229966,2.867893953183586
polyclonal Donor 31,2.064642027359577,1.694416570385638,2.146708996456476,2.193280306210534,2.1176484576512777,2.28797402976843,2.0854541846805827,2.081669071584383,2.274923533339398,1.871133438193165,2.176346042802254,2.019193170360853,1.8135470891603795,1.844505510762816,2.155213832374864,2.3259139035602483,2.418784525971927,2.2310656267392726,1.6713867298662017,2.6521390992987213,2.082285832665488,2.1608205037352617,2.036571152484308,1.8112497274403097,2.128322859464764,1.7172745237142333,2.1302603824230597,2.832154233516878,2.0185643766623125,1.9929018221481294,2.1260336011553207,1.8506708466038828,2.561554955751067,1.836411563661114,2.429988814826161,2.389101497495401,1.8228213719104527,2.127236057847692,2.1182298756131406,2.652109238357334,1.8583430442524724,2.090128383233032,1.680056670553186,2.343976846162527,1.7236758370480958,2.05430821724671,1.669381285294225,2.1793464014445285,1.8783381746645988,2.769839610275727,2.5820944189569355,1.532729144102468,1.7840106759303236,1.8159413953570156,2.042734868695118,2.314654552370171,1.9816438163114471,2.2314537703722186,1.9689796472670067,2.0467388903429287,2.366192355166657,1.5534164872744909,1.8567312987698872,2.003094456354334,1.9032100368492662,1.4687434416434613,2.221568575441533,2.325346662290337,2.3688381527194675,1.8581816464245076,2.5594489031066496
polyclonal Donor 36,2.647731437521344,2.063967064292676,2.7714003186136065,2.6266650497865873,2.494104603924761,2.7792521850752676,2.8127011729270377,2.510579424595819,3.0086171918264473,2.3314146277861845,2.9239317048083615,2.2931238736408313,2.7271253082510656,2.3533151491475284,3.2771346439814053,3.2636089546624785,3.1979845999031093,2.9330662399067355,1.8392949404218562,3.3477936052340302,2.5470909578356906,2.6869688523305255,2.307094548704425,2.209823617623745,2.0579944258289338,2.000681203580146,2.5242471686031753,2.840395971369267,2.3465588066086838,2.584764929720565,2.478963780140801,2.387161776856191,2.969042315245174,2.846070499378885,2.834100719646731,3.335059775185915,2.7821573674448743,2.576875045108318,2.5463038895817873,3.1806850389821983,1.8660279693522488,2.583888218385001,1.912127268181104,2.509968746342242,2.2853515071502866,2.556290718073832,1.852230414084426,2.6236541541601337,1.838084033252332,3.6685280893703824,3.2548306210347784,2.051066886051719,2.3329976769542293,2.0612725918379358,3.042882138173235,2.68252542268701,2.2057086727196435,3.064743259802426,2.0974765344827246,2.368797942409137,2.805000374804215,1.9165621713416245,2.6684402404756264,2.466781107183544,2.2332577599917887,1.6810474195269147,2.984268864652078,2.833912713806079,2.4404128933110916,2.303612527315802,2.8195598413546943
polyclonal Donor 39,2.8365765461165493,2.2488990199654486,2.959110543549868,2.682972094309754,2.4974899453702353,3.124903751858459,2.9508081812240174,2.3045507889507406,2.7722295482291477,1.5699464030589219,2.580812617808821,2.089152183074588,2.5736201581407716,1.9132697928619684,3.264834402295415,2.35105474938332,3.3999335367130543,2.6149879106769873,1.9197984061336613,3.182149842139749,2.6617868677959864,2.4682029274094264,2.5702877305455214,2.3930263526780187,1.6712261312595882,2.0952780293810536,2.537847248532969,2.831043071055891,2.7087538621457306,2.2157202111480307,2.8531882567519693,2.5420848386399633,2.7345112047545177,2.869200818413672,2.229645472565241,2.6751233368511036,2.660097100816638,2.1269576291692065,2.126402341942198,2.6758925665068096,1.8346441588252733,2.4098262329407194,2.236225379677461,2.712641520716595,2.5498762499232726,2.4226349240381353,2.0181796436067474,2.962167437560625,2.3587957803510915,3.4747019427945016,2.672032634112681,1.91444936409254,2.0340809643881825,2.022839820149063,2.7361487936091446,3.3774035028449925,3.029983137596175,2.6235965771747676,1.5769445638915953,1.941482197733264,2.526341873558087,1.6784020859008315,2.664556315171632,2.4506660718116438,2.1241388064289737,1.7048351756098066,2.438338814204562,2.2884557034396265,1.5581928350248826,2.0856019952582256,2.4082293837422077
polyclonal Donor 84,2.5305860819280817,2.215736997148109,2.627687243878576,2.437313200306419,2.4840224403455937,2.5514835509908433,2.542462670806367,2.5144252836226695,2.878580171703235,2.333335218743697,2.6480903730254735,2.2587907525106212,2.417221939027539,2.9477830340831437,2.715960461411764,3.4817585613652806,3.9221975161512583,2.4323365294707457,1.9469554661570352,2.91335997737447,2.314149443847226,2.599227630248939,2.1233394955030844,2.239909215210473,1.5240036908742571,1.9619370379165926,2.4432168690844964,2.6194886491166747,2.3923884485701725,2.2324100205733046,2.605158982584375,2.4197907540710872,3.2212216916995926,2.7209090153041773,2.666096753157424,3.6792549055929937,2.4806368696676255,2.383980527094125,2.1689854055179105,3.0385983840782975,1.9849396176072736,2.2272047514585536,1.8556118058342126,2.2279941967862946,1.774598511459307,2.4172963980768403,1.8797268440932136,2.6669740174396646,2.3305740747334434,3.306975407806295,3.1324500080873223,1.9256004838091374,2.1209360941067343,2.8234766252524715,2.5957148225821376,2.932615998230517,2.292945044459358,2.7669130482631843,2.2314072841441694,2.29959376520488,2.7234105631637524,1.9371935693283782,2.958716937151543,2.46970770508545,1.8066999614469117,1.6820289108159063,2.8623595166586275,2.1967806800435117,2.111587979884753,2.3388033406270576,2.206418156360185
polyclonal N152,3.4331642145856867,2.469822762229298,3.863285943955587,3.844532761367141,3.028041249919574,3.9431825392230087,3.625421537036524,3.453804671834776,4.0462421592531435,2.3278107091785794,3.7993440362830198,2.7425871070367993,2.4080775444841107,1.9381648729697083,3.1492726907267716,2.9454092099561047,3.5066505113854154,3.22649884851175,3.946117920147806,3.2851786319945333,3.3285148246361063,3.0867574452428714,3.2538855552602026,3.122983832552861,4.430297642156291,3.3588642827427586,3.039515064555336,3.3252508965146,3.0518192455956212,3.0895250606283486,4.29036553561578,3.271297074839863,3.3330084488614,3.4204031984191134,2.606459991047771,3.618916878295096,2.9103511795190977,2.614249734744166,2.72105555621698,3.730578166917132,2.9078422033738303,3.5669123630821318,3.1614756991682667,3.7568267454296747,3.7188685317497123,3.8064324938978187,3.8205020053692147,3.2868692080582047,3.4470792968577593,4.246327195637761,4.322732960435608,3.7063785807678666,3.317992773138836,2.5297345478901967,3.1065774786608795,3.439988104662895,3.9731579933628822,3.3762063813537013,2.1716777300621066,2.5353464233912995,3.392812606274811,2.469937162864097,1.6881085004070282,3.1545416538175184,3.1990041641555367,2.092528240250785,2.971437266389377,3.7160292881018373,2.9972818950371076,2.939548332078778,3.8561150456238327
polyclonal NIH45,1.4773924118499968,1.2707083769174847,1.9406159332915713,2.2432309242623267,2.0500990680285573,2.200712332331427,2.664853625354888,2.4343496573454297,2.2816112618624236,3.1772952907132366,1.8432498679273945,1.6942270440344773,1.8492457309204873,1.8480900723030846,2.129466468912483,2.093756640434375,2.2037520556889643,1.8010166912953969,2.2479116472961946,2.438848341062731,2.0294547619647503,2.0142652511751615,1.9643367813509212,2.509022424454815,2.60518872508392,2.297410707364249,1.956177289055968,2.1502685239851225,1.892977072235259,2.2262634868139513,2.059410074071762,1.9110539385954433,2.1058850406354326,2.551120434539115,3.1498991092637034,1.2676994794655216,1.3938506260631787,2.299299226378209,2.054830235035405,1.6097238465680153,1.6759963617352271,3.136402299619615,1.6527044567162863,1.661532325791125,2.2913787173900655,2.7345496801147062,1.8203534066394238,1.5778112760901544,1.983125654710771,2.2299370725616976,2.0557160495830535,2.8454095125704004,3.1798403414262175,2.5910465072378197,2.1889098732019177,2.2747673259887846,1.2280020789972146,2.28607130707156,2.4033913981387065,1.7855085052314594,1.9344503108547157,1.9692953464716356,1.8340212569609078,2.1070300977885186,1.9159678572369485,2.317029532941821,2.717399584443002,2.164289802205192,2.7636432727464246,1.4712447464112275,2.5809466927541678
polyclonal PC64-M35,1.458041568340598,1.7864082040244236,1.8071312347295887,1.9987690838568692,2.1912838785686755,1.9334156440404922,1.6524147378769511,1.7283126790863679,1.859984772852386,3.1069827094977276,1.6811852755443475,1.3010246250525213,1.4000802952528977,2.3843884065136374,1.43959367736705,3.1560940489210916,2.0884587898134486,3.056264487332429,2.0539271919141164,2.2919928245574894,1.6766540853541023,1.6592123209713172,1.2018794706529543,1.3359962338561158,2.39577928856695,1.693615256805278,1.893030313748796,3.840643430204418,1.7170197058728944,2.263020457274,1.5334786645379685,1.4249017317886106,3.2992023591126918,1.464670837945118,2.5505955998784513,3.2555518631849374,1.4133673082312215,1.6901024698357827,1.8524164346544645,4.134790117053203,2.1141709676711233,1.4668959881319328,1.4115307444103933,2.0994228241183404,1.6509827636483305,1.7991534633936477,2.0087151609078524,1.432612417564508,2.1733594359894797,1.9611481476718535,3.7630447372513665,1.4178708679750773,1.451739095877899,1.9298052992042571,1.6451948635411628,2.00103104722613,2.0668489353525175,2.3187087198620064,3.618534683757929,2.5442370714442095,1.8569774757078266,1.793564567487808,1.5113518616957982,1.6031404558600366,1.427053906135353,1.4438677009569487,2.2159203299674077,2.0289786731146453,3.2876384113715256,2.9642490317938623,1.9541591484710412
polyclonal Patient 1,1.650079490159131,1.2356940119327144,1.951774301429746,2.082581529997076,1.8777274472153906,2.0463422605602215,2.189597826891675,2.0084839781504282,2.2871444023956795,2.367807427435871,1.9374400229928193,1.6058220385862492,1.5919431454603439,1.6155578558125951,1.8794333794434919,2.1695418958577157,2.08603682922329,1.8357177286921387,2.2099176332585753,2.0604521541904153,1.682236596570186,1.8988140280067556,1.7161758843886745,2.050762317228239,1.7189454416904273,1.9281612256544889,1.7781239389075936,1.6337467271086525,1.4439178237363626,1.9158350563248716,2.0126390510570418,1.6844541114024236,1.7207476309456027,2.3267810554323556,1.809683910505055,1.918728318464564,1.5258672777930105,1.9586367079757572,1.6126408338880862,1.9031378247911734,1.388029653080587,2.161387395245899,1.6112727390847554,1.1362117515887715,2.085440961146572,2.614219463057898,2.016366452088098,1.9905924316519883,1.746026999446924,2.339030208125855,2.3605608923615335,2.5714353691340675,2.4351266053721217,1.9758676549699263,2.1867069299765496,1.9009613675991581,1.7720518623642707,2.04798882984488,1.7117456107950357,1.6177097754887726,1.9534331705619903,1.9099482847367995,1.3775664196800337,1.835921049091334,1.9458397172856623,1.6329205975118042,1.909581022896992,1.9667992419628144,1.6154508258209384,1.561659088908491,1.8289225001263116
polyclonal Patient 12,1.7011883589361099,1.4029945271383117,1.70726127603974,1.6682596888264571,1.8001642276112295,1.9391240312809352,1.887995102774075,1.6071263154913078,1.7319352273564679,1.5345777508246674,1.9125473399493942,1.4789114835295893,1.4269157797006613,1.3639002862705534,1.6514268461486703,1.5308882552052228,1.7517929665438854,1.51197855589119,1.3918098630169173,2.0399456328152827,1.578354442865,1.478481399752039,1.6269075969484084,1.5968940028879075,1.3287977625536365,1.349088830494248,1.7085687508411354,1.5906782647886983,1.5315447859909448,1.6435647450263564,1.744563594338108,1.601362395389309,1.78731889446049,1.7405948877927546,1.5728300053782818,1.585423321383614,1.4525056456379288,1.9444265868570778,1.5680219656743435,1.6328778088133955,1.206346000265387,1.6354147989600076,1.2847538966624694,1.387793315428536,1.5588663140422598,1.614309271412659,1.3892583210152065,1.5536500336685797,1.7588132980248086,2.1861861840427217,1.8621248104173016,1.5347712886271567,1.5994552116884957,1.4685399207035372,1.525671587548575,1.6893327742980264,1.2371055693691588,1.7130646730991348,1.3579922000124665,1.4593371326526619,1.6701760244037118,1.4313791708099397,1.4728106272783545,1.6627063152469477,1.264875364406659,1.1850829782162684,1.488303234026152,1.5665998870063933,1.4874367068439254,1.4213672597929858,1.663264134812089
polyclonal Patient 3,1.5464854404254225,1.2242545812465482,1.795298457269196,1.6859390503769103,2.0981378359894536,2.023750933258019,2.4554680584718938,1.594363869396069,1.6358484430207727,2.305716676580457,2.475684596129896,1.043632502230411,1.6753674559985543,1.8863543418715056,1.891641425015928,1.888681201460821,1.885497001135586,1.7678188677099647,1.810836335971159,2.180116763468639,1.5376086056695448,1.2221408532922382,1.4693795697809253,1.852891873067012,2.0859915880690187,1.498769226425675,1.7719895954080196,2.1686623043961823,1.5227660024486718,1.7232205617497076,1.3778392728231728,1.641119227151794,2.085643925322996,2.4450492937577275,1.8521399045602043,1.951132091255967,1.5147401919352261,1.8264704181857918,1.5822219490388822,1.7921403136110938,1.6272482039296876,1.58016541343723,1.2214136174559207,0.8910698431992374,1.859465798943549,1.7866502488451697,1.4794928499390163,1.235797302983682,1.5177604324045773,2.5476299419395945,2.533502798765417,1.977905341927159,2.2574969582810445,1.537161983127644,1.5928673658286574,1.4539867042091368,1.2551453958929992,2.0851687170293296,1.8315540554531118,1.358562913297758,1.3222518964646686,1.481354507746895,1.6894359372397048,1.7630219800486977,1.2492229412019928,1.5831777564575438,1.8554842041870603,1.4206129297220185,2.0930037659876337,1.5564489882967516,2.5303642745731416
polyclonal Patient 8,1.338524651316349,0.8821334648250876,1.609297202047255,1.9313806960054472,1.7334495691900365,1.7218545527619384,1.990763284739566,1.8577624667651764,2.0446454431590677,2.280787335761193,1.4507779950669146,1.6547706517947545,1.3065880911924654,1.5928436210656562,1.7183232402439748,1.7419438589879188,1.7430614890105087,1.6154637552717077,1.7721945391691607,2.2192780080213694,1.6184054730181716,2.043243789455441,1.8765425777444211,1.7348848325820738,1.875600710912345,1.6427537422061598,1.7659900927703676,2.018372293124327,1.2157604971275724,1.506765969466048,1.503231421796161,1.325600549246217,1.6417069210143846,1.9093175415988486,2.0517668103334916,1.559383354562288,0.979770894979757,1.8543130422523526,1.7268913675708417,1.5721447585792814,1.49021350905483,1.8522422803840386,1.3398460670168975,0.7926531857205028,1.62937270270978,2.5162917282797608,1.4166991288771436,2.105978890973409,1.2296356960176715,2.5489207183884384,1.780933202554459,2.002822941597417,2.309711897323149,1.6210243219765148,2.0559420912661803,1.7660276350708681,1.6496863285178551,1.9054673707596308,1.6269032878423242,1.4741624759076535,1.9124912126403466,1.536837368618003,1.2936111732857758,1.6829155579215715,2.3510727994886054,1.7536110454092584,2.0777482178867106,1.7588093935637878,1.8108762210102498,1.0732862460876165,2.5940194782630277
polyclonal QA013,2.1931411379992936,1.7103689030955154,2.395882910824694,2.418743444535658,2.202570862416864,2.489510699516934,2.5396513415369046,2.0942894898914064,2.6505161128755717,1.920143400152017,2.3357654818768596,1.8261894023794876,1.9078927541059925,1.7955288286312558,2.4374620073035755,2.129662472477415,2.4028909028155265,2.1770896124810974,1.8381827041535619,2.706580736225008,2.188574870511886,2.291201122501974,2.289599701926091,1.9296950072005803,2.5300277718821116,1.8673977979800718,2.2050015201038526,2.382926894469735,2.065893444199998,2.088240619754022,2.1127141131575478,2.091163123966,2.4054618164277146,2.388929545835599,2.2495430924779454,2.4294397794235723,1.9396803738060566,2.157759922541101,2.12999585843395,2.337931446208357,1.7323911086744819,2.2292609598572373,1.7566931160866583,2.031560686232914,2.0314360939778853,2.359305444437022,1.727631080918939,2.238992411260574,1.8387125252436314,3.266998413475898,2.4556626944689857,1.966287450739327,2.198394859027106,1.6716144636387458,2.2593233866438016,2.2810962337567515,2.0183704299774767,2.4694493719690893,1.6873285658953154,1.826082595912339,2.3610600343599772,1.61931431932054,1.8594676570965532,2.1502461972108033,2.2193991721537847,1.6473426057863443,2.4046173217309903,2.166172900653739,2.1536280607274625,1.7579488282812799,2.7549325330391152
